Mobility (m/s),Number of Antennas,SIFT Keypoints,Beamforming Gain (dB),Latency (ms),Throughput (Mbps),Beam Training Time (s),Environment_Outdoor
2.745270205221129,512,153,17.849386943334924,1.781766171875645,367.2505863582148,0.0333300813618024,False
1.6399446605633654,512,291,15.402432298206872,1.3546858176135093,539.5967260421501,0.0575975599011393,False
2.077308453973109,256,310,16.119439033085897,3.925518790526338,820.3245882909366,0.1414573987749124,False
2.4389572161482804,256,260,19.46551263568073,3.131316347083924,699.8231764483345,0.0275603542119633,False
2.0295401573317395,512,116,21.818964076566505,1.236679540162017,205.8396549388316,0.1442699021839734,False
2.35504963151117,512,456,15.421979927477732,7.712778145287997,240.3270423158103,0.1213853476856799,True
2.1885246859571903,512,173,13.116559441595925,1.7963820612911263,469.1473923075736,0.1913292769547858,True
0.7188354973410134,512,341,20.29304384533303,3.8143067250745375,652.3107269805743,0.05185176807614112,True
2.417776200352864,128,464,16.708206111906776,5.100547365701566,370.2029088228925,0.1188431628075225,False
2.4074393100936775,71,215,22.60591599891333,1.4847171992669002,869.9126357407422,0.0516086361246757,True
1.6459628123836871,512,259,19.57232438434616,2.3520305432898265,854.0697962972704,0.08565185965346794,True
0.4941190602968877,128,469,17.503472183887027,9.303608342161969,737.2101977841605,0.1417221412076565,True
1.5180774646721742,157,381,16.85742263134801,4.550206610464957,804.4851755038985,0.09672433573158351,False
0.3921311302205984,64,317,11.53396421495674,4.753478833326286,948.1625782812912,0.0145852279515851,False
2.330131670865544,256,477,11.17993087471388,8.071774514980596,697.90136001605,0.0858851161282746,False
2.466309481800677,64,196,14.131868652072551,2.1613310902939302,342.28905208805986,0.0107060590516769,True
1.7857369309808584,512,421,18.574224918985667,2.7007496617705735,525.4324458387429,0.065713879099726,True
1.1496637680993462,235,240,23.030500929004354,3.7935229644849047,700.7577242214064,0.12388455004194643,True
0.9990057391745938,512,198,14.740070842995909,5.520473781358486,532.9169018204157,0.0294560664612402,True
0.186875394390188,512,465,22.76505650195874,5.68513489869256,184.75272842251348,0.0192761879658203,True
1.4231539395161228,512,192,16.27665768462052,4.082053835878783,883.0651527587594,0.09713079443488494,True
1.557908184078807,256,144,21.819015028678272,2.9014126045071036,944.445558855203,0.06322846715829582,True
0.1711641634537629,128,158,21.374539258157775,8.926016162951335,988.9040145101428,0.0903453219887261,True
0.752899984020894,512,468,11.470867728436865,4.566119720835731,636.9772648543615,0.0198388543491828,False
1.5048289136991344,128,386,22.258718796906432,3.8269802138330364,527.6954350472264,0.14209224232870607,True
1.0035338662257964,512,120,12.11664472498974,3.500802101295047,320.1514030625726,0.1274075465471458,True
0.4537404862048037,512,377,20.968316648098693,8.918668432348444,494.1376874626338,0.0328172342485947,False
1.5084109397893664,128,380,22.671391143660713,3.7575238856677116,522.372298135887,0.14842166396130269,True
1.1049285915205451,512,106,13.73805655886931,3.622459474186589,544.2155139420829,0.029054429770992,False
1.6094696460646114,512,202,15.752758871599486,4.058830030391556,868.5786652615266,0.10439823858156845,True
0.1100142808006289,64,306,16.55758074340266,7.45497307909378,774.7775908273343,0.1120112413988801,True
2.1719191663982813,64,387,23.96680677915026,6.402277296401546,294.19749679842045,0.1117223815225916,True
1.9800219396559968,512,424,20.848346499885334,3.322693315399839,531.5454056217344,0.05422024012692414,False
2.419275736185214,112,186,19.46005804504712,3.8427126495332566,538.1758556149714,0.15610558606795136,False
0.5301704044305027,512,157,19.85429133845731,3.730423085480085,949.3226081974958,0.05681368533840228,True
0.5322863084091206,64,482,12.98337554407026,1.2726390383166306,289.4852321540586,0.0760360821892043,True
0.5162642371356423,238,215,20.360268017010505,2.536118279127686,944.2541558767149,0.13627452495726322,True
1.909204110550221,256,367,17.573122226429607,6.427034563869204,791.2778871769447,0.0640207405258753,True
1.8627857024352936,512,183,10.338238322951296,7.52583811587888,846.961758240564,0.0503106399568955,False
0.9284036459058437,64,120,20.09767445651914,1.755694130490569,753.0177709695421,0.11734340551108433,True
2.4533559895708352,512,214,23.02445527241992,1.4301973869197435,392.86446609662846,0.1151925914198546,False
2.6117352751380207,64,168,18.43567570576603,1.4233514807327312,414.79521120557047,0.0958291911264479,True
0.144636116581668,128,330,13.447095121339975,7.34316039932766,343.0018403025224,0.1751031168411758,True
2.2157580033700803,113,164,17.379281257988602,1.5574124699459582,701.1561681065501,0.1345838768851969,True
0.4572480399912523,128,433,24.87839285979463,8.428401800820746,416.48296070251394,0.0286932435763241,False
0.5622358322927467,256,246,14.645922755912975,2.212441577827532,782.2661512787192,0.0180796803686276,True
2.382606059421935,64,168,16.85123110592051,2.3724493243538087,586.2944112243272,0.10509575164088682,False
0.3042624853476495,64,387,10.536493645224027,1.0743876815127256,965.5000949642468,0.199827245881489,False
2.4816983531118453,128,384,23.456533489957152,4.2714653097692405,505.1747256380537,0.13851622571403588,True
0.97402778067018,64,164,14.237480899314468,8.524713476501546,815.5787145942336,0.1848897371166387,False
1.7118292399164892,256,151,24.04360581710805,3.2788673347812165,765.774952651437,0.1750162294302243,False
0.14508691559234416,256,361,19.0848765286053,2.64805359873636,788.2533457736924,0.13791527945851387,False
1.7946758821912163,128,473,17.140310603201797,4.911915862459757,591.273460917786,0.0559968465942459,True
0.7304036590480084,64,127,21.73887046818998,2.371753127236204,752.5208935346832,0.11767103996817287,True
0.6175236301103048,512,498,10.820269311300484,8.412933258855766,954.6419323302684,0.0412166169509697,False
1.7784891169322756,512,376,19.580565517532165,1.6686961901397104,572.4271593683401,0.05987970653514709,True
1.3523156988181462,128,204,22.595897865523696,4.52027123162504,556.2727791796337,0.08210398533659485,True
2.8104673860992757,128,312,16.42997236584227,9.157523341259434,719.9666760705985,0.0344314944569419,False
0.7486385995485183,256,384,22.903799295995565,5.995051051010375,152.70643946843052,0.1728680635216614,False
2.8893453347675218,64,473,11.385187584181484,2.4543816036221906,708.302699837464,0.1099114308901245,True
1.9024264148872103,256,253,20.156595492944174,6.809603369308293,466.4272461003203,0.0861783598393082,True
1.1732446099552822,512,356,21.07526915681792,1.2203223923187996,134.7549450510258,0.0429114924255111,False
1.068478705486406,512,257,21.5921281566632,1.7251942722321842,924.4964704022867,0.09396401382221735,True
2.905466332783152,256,303,19.23589080167759,5.275710820452194,330.3864584117006,0.0167649930381366,True
0.815849178385893,256,188,24.186769693614337,9.13772086797185,228.300631421446,0.0812603335082518,False
1.6768914776071857,128,397,23.658882187118603,1.569280486465542,883.5348616816001,0.10334500530718241,True
2.973767981106565,512,379,14.868311645963892,2.423139126697614,701.1757547399664,0.1359819793345465,True
2.1281984625988644,76,379,17.80369131352401,2.6393255006305067,956.3230156871166,0.09243337276359027,True
1.37834030521796,512,158,24.271639583309977,7.349405937207712,155.05457964934936,0.0161513216821375,True
2.168411158756186,512,157,20.51394132903666,2.446370579214598,809.450328123284,0.09878986253915749,True
0.8926453539564617,64,435,15.022275170701766,3.797470909247452,927.0124879111196,0.1659486653428517,True
0.3292085960325105,512,163,22.304152896529818,9.373299921113766,370.7255449768907,0.1166896737668975,False
2.586043446817868,256,142,24.416774020324603,1.86929814245079,852.1233284734228,0.0159157902068082,True
2.594274415263271,512,342,23.643307531880673,1.6813072116745547,640.1738186706367,0.07854715499335019,True
2.1992138880890244,64,184,21.565575553672826,4.639279869830329,107.2762088770098,0.1757079033731862,True
0.7165918369930657,512,345,20.081866322595815,3.828646073877627,647.5119407020117,0.052514319543525194,True
2.694859969054227,64,197,19.422316219842095,4.456694477990248,657.3766115994371,0.1011011777621062,True
0.6958412883479262,512,443,18.56820864422196,2.662425186128949,331.2080254401069,0.1239437859370414,False
1.9296654085707932,128,421,21.871821588280703,3.507017634000592,588.1291340852796,0.16193880594772322,False
2.4767946303736164,64,331,21.08643737527926,3.197120196169215,872.8802527216421,0.11892901309855025,True
1.6140818236916776,94,214,16.563793534154446,2.8046136103892394,686.4670886712782,0.10680704706421082,True
1.5542362987164462,512,212,20.843960083579056,8.342384709366701,903.3407107547864,0.132684965501671,True
1.1837282267929392,128,357,15.181917272024032,4.844192779435521,349.3410366550802,0.101014509005743,True
1.2889704382168052,256,419,23.54951691083139,6.483733470608566,653.6139242952805,0.1582318292227733,True
1.3020580985216257,64,367,14.914824455254234,3.3631513429236133,459.8492134151846,0.0668986754600411,False
0.6146438224521377,256,496,18.806992023763016,9.878029534240628,442.5284754079904,0.027391672321733,True
0.5245158817812376,128,109,21.0315489083828,1.425920771227792,629.2946784177981,0.1127847761237487,True
0.8120851972962835,108,466,20.862072335546895,2.988675764265604,709.1178702060021,0.16966596990820812,True
2.0833931048042658,512,246,15.613777697899476,2.816893064154284,608.7126840111799,0.09702661033065865,False
1.6332522851223967,128,400,17.505121467333222,2.535577964071382,974.5622806094623,0.1601788957034177,True
2.0869620676689316,104,305,22.313088414990766,2.9958548176194966,825.2736935289971,0.14473524460605125,True
1.0733947959763253,128,108,12.967366432619844,8.426736413251211,307.49558416333014,0.0263100327479106,False
1.4424062596610352,128,368,16.11392701709589,4.390169717479899,791.1230229141571,0.11726178258442971,False
2.6226675740555274,64,308,22.667822969704822,3.5088021952176627,837.2171994049011,0.132147962848338,True
0.47748024341499506,512,407,16.237643198956135,2.4397097263049026,858.4383592442917,0.07616111751212022,True
2.4259614035250747,115,390,23.61791809280407,4.269199484281601,518.721031169129,0.13694162799174958,False
2.0580197861569647,256,330,18.337887709946568,3.0456425729713215,814.3436438896548,0.09378727461664466,True
0.8244181066444083,256,343,14.93161431238886,1.885912381404908,991.2390757560352,0.0988939200985486,False
2.4678429555410357,512,172,19.162901252752757,9.251259202672989,769.9031585395301,0.0163183753703955,True
1.9913690585267672,128,328,23.55426804698066,9.141447278015823,161.51285637072203,0.1343800849242481,True
1.985517569548136,256,245,11.587005391362098,6.331966798586135,930.887952284971,0.0714706836938463,True
2.941503412825308,66,199,19.554353649823614,4.500519868446686,642.3455575375657,0.08733975154514727,True
2.5221090840336,128,401,13.357271290846432,2.630750135222644,612.1602984178807,0.1247309993844415,False
0.1180306220055289,64,454,10.821805718853232,6.610513483243428,248.9867153407785,0.0467427053047767,False
1.6640107799613324,128,359,20.20537725755076,2.1308425966669544,991.6484406408737,0.16130149236255228,True
0.981099484689716,128,375,14.302236208105468,4.922635235622474,424.67297054968833,0.1453164283681087,False
1.3135280374986884,128,117,18.93852152055153,1.3091920286320233,645.9303288676576,0.1278726058194755,True
1.085559279615416,512,309,12.175491006248327,5.013525747885164,965.320713145909,0.103032400245613,True
1.3749019245859695,128,260,24.995614567327465,2.69758467138368,133.46266144713834,0.1588227594436502,False
2.1854720314848395,256,391,24.80045194120636,2.1886012969213677,663.3397331638363,0.0625767995330368,False
0.34125461423764225,512,132,19.31883691267257,4.216909989192356,967.1853879190326,0.054930149816930014,True
2.070014672461997,64,396,16.676599955769912,2.3279666214582995,972.3299173477128,0.0820667706077156,True
2.293117986665208,128,238,24.84010956759436,4.579560780604501,960.898570599566,0.0669486020969757,True
1.8535417206036413,64,396,11.21424553033534,2.022080868797839,941.0832834770828,0.0241355486306702,True
1.2824690637618454,512,486,20.038856388694725,2.338053073265639,910.6532291115852,0.0677411666247689,True
1.2044829475838648,128,455,10.042632304959586,8.891582786935821,658.8685866494731,0.1054877255899855,True
2.574531159471492,512,188,13.62940953511744,2.358243844421768,453.9076281755898,0.0897519252344591,False
1.394024565133758,64,449,17.806945447673044,3.997140386571373,924.7272697881194,0.16304255110142538,True
0.7804733728861535,64,221,15.976006999141363,4.321505434076236,552.6046701463772,0.1408126803491962,False
0.246515002429282,64,329,10.43254490382558,9.648137387160634,131.27507356064143,0.0734973751920013,False
0.1250187018071528,256,428,24.315953530502117,2.695314088603628,972.385482942403,0.0919367003242526,True
0.4408072045846708,227,200,21.069766418070426,2.460991827248664,927.7450349128558,0.11555594772743802,True
1.385149452233024,64,236,20.186928991868434,3.9482470790463164,801.7161377821338,0.16509031296185775,True
1.893922659275966,512,163,24.98974402284569,4.171923473739175,913.8995627792858,0.0407369377130936,False
1.6269946876143981,256,262,20.07799419918679,1.7110739608562986,644.6358141412743,0.06275293863721661,False
2.5560165204297887,512,330,20.393944063496065,2.427075876534792,974.5040097077982,0.0655289895029912,True
0.1260740255142158,256,224,22.857894303802084,3.742505254476808,425.3059762970875,0.0664290293164891,False
0.2871436665604852,64,286,17.412364053277066,4.205901855284823,633.6896399042589,0.171436041750822,False
2.0764840250823955,512,405,23.116218312947176,1.1956495425733662,177.066307655682,0.051185134921976,False
1.4942830477976008,110,210,16.105245351902763,2.4502591897959154,947.6698663384897,0.06208402169829928,True
0.6153266338901395,237,242,20.755961053031715,4.2692906751999775,579.0949694176965,0.1827856791570342,False
2.003759996410881,512,115,16.299080280223574,3.3676274245018707,671.3525403812956,0.0704765033083337,True
1.1539237220023915,512,413,17.563374870768367,3.4735099083842464,552.7240938119031,0.06403799115454638,True
0.4391219764867473,128,130,24.865847631086304,7.207314781281609,555.3690067180027,0.1467979538962176,False
1.7161459301079025,64,432,14.939579692968987,5.207894647243892,869.9600578478569,0.0430946192640563,False
1.156751898330509,182,297,18.827266151825288,3.314274958697302,976.204532021733,0.0703778343768452,True
1.9276955986055744,128,263,18.949868379956357,8.076896255224693,287.2445934025901,0.0230164377948949,False
0.918760862359835,512,436,10.791349222481362,9.861799324360296,971.5881483032229,0.0473901253824418,False
0.332161779978947,512,167,23.261129444652774,9.626910461416784,103.18296133290217,0.0810753419847586,False
0.3951863203636857,256,142,12.011794340646851,9.411867574364983,346.3305665397363,0.1075448617496179,True
0.6361345197246799,256,291,15.61973828522243,7.512484939821562,835.090815816625,0.1978483531977009,False
2.191951530717738,256,356,11.425603609774292,4.212098984572794,307.0773175780017,0.1227865111481829,False
0.0351198321927122,512,253,10.95413494264751,6.199621931447578,125.63542949434436,0.0515003944459813,True
2.126234093228929,128,349,13.660960164508769,4.067947139431213,847.932681945417,0.0784250206770361,False
0.7123004051244188,512,368,19.88992191976002,3.2704218064076134,614.694329439499,0.1186508539594007,False
1.4280543881062997,128,388,20.956243975296037,5.709326616447916,593.0304262523223,0.1357704214311797,True
1.7351607510192273,256,337,10.669918245683482,5.783373345740544,369.9765173390792,0.1918902017452049,False
1.6200357438135318,64,357,19.6536433410973,7.614846744669059,678.7116821662895,0.0561483849587099,True
2.604813841539776,64,282,19.59662802355633,9.105994756977656,429.1943670667197,0.1559340573040178,True
1.1815932169624754,64,418,15.081248563217608,9.168547476027046,999.6720628828996,0.1077209771542731,False
1.831001349932755,128,426,13.5485188781665,3.690529552718023,461.5215117054529,0.127027081346467,False
2.307189940555644,128,232,20.94407946431035,4.5720781466127525,933.3207191083852,0.0858584131581078,True
2.107901319256549,128,444,14.932027068676804,2.419332591335427,953.1436117416864,0.0287493743219367,False
2.3459112157185715,73,469,22.185744638172984,4.327954493070851,930.0116784258072,0.15471990030173843,True
1.1032780526318688,512,364,17.074128561116385,4.891203929320882,795.469730091771,0.1389685219050009,True
2.2104623784554187,512,443,24.150467138916678,3.9481013392054924,576.55541025055,0.06522053218812461,False
2.5368130889697205,64,114,24.98348930569258,7.494836898265623,898.2883625709878,0.0343304763144072,False
2.4046113356489687,64,391,12.297022009066058,2.602182918630433,686.0730773357747,0.0160399384154761,True
2.0739728552132934,128,287,22.795880639542723,3.6370402827378028,881.1314191168858,0.11115628773206013,True
1.3234548040182605,189,259,21.18237919983661,3.1181961802366,921.9489069099694,0.13492226860451093,True
0.480214904863719,512,272,13.46101414909178,5.328822214416952,660.3029229894798,0.1934260222250712,True
2.017806354675379,512,479,22.230319357833423,2.7724013869678323,389.21599017074914,0.0915708081422935,False
1.2107190888891466,512,456,22.84706471107351,4.141282858231657,648.4972605268581,0.07591402600647222,True
1.5947933408436028,512,201,15.73258152068339,3.3117114937565186,631.111400885218,0.10526915581558532,True
2.3658959186534663,512,446,21.11310814151417,2.7651965899945834,908.3627140239348,0.11308182689110688,False
2.795261158298449,512,197,23.543149705944938,9.747320956321015,426.0055275447942,0.1441632329134528,False
1.367533257345172,512,372,23.884786805845355,4.406551625290315,761.0761196258433,0.09130569366014675,True
0.3645041289027542,256,326,17.49323051929563,6.905000354303504,260.63566691237634,0.0715653115704311,True
0.3447989911787005,64,234,13.854876029664212,8.076636033366501,385.1969969550437,0.0658290215681725,True
1.127664855437308,64,137,17.993146520451212,1.4060429074131355,768.9692550762811,0.0938367165219237,True
0.22628407508968065,256,442,21.55940526873281,2.1003989771836573,912.9290647535686,0.06763349116046341,True
2.0312019966468133,256,360,21.42228369945741,1.8223162436315388,806.0281028914711,0.027509635964524826,True
2.1360420609923425,128,119,21.3833327521067,5.034052130734801,387.3310347231072,0.1615094026783172,True
1.906943439589635,67,425,18.601886612107982,3.6083095285076703,828.7140380820742,0.1750827501231659,True
0.9098254427027866,64,356,15.67310175809617,3.198103303276707,114.1051364998532,0.0157306605862994,True
0.131217216926842,512,176,12.555508761722969,4.82495716377877,474.4458146230924,0.1353645308547313,True
1.3185350658987305,128,305,17.831897401482653,9.23011885792847,519.6726909837078,0.1760946243258511,True
1.7281734669418574,254,266,18.83313738506091,1.8269807539824945,670.3362625360951,0.053195268732297143,True
1.5379642594351588,128,388,24.01379948644541,5.529375108107329,948.910855012272,0.120538316075887,True
2.9863125485739297,512,245,10.988410273178795,3.7898212279192296,517.450908655047,0.0317909703840441,False
2.294649784626385,512,321,11.05552161859044,5.136395946744012,749.8190290240261,0.1183870039046935,False
0.1993315330673246,64,299,12.575512548254634,4.707945905429553,726.2220833432021,0.1738368512250835,True
1.9702099936238768,64,427,18.735932626127543,3.638403480279716,829.9954361801434,0.1781726709724527,True
0.517868052325032,256,410,17.77306670206233,3.5411901687021246,752.9315793408371,0.11561341625161634,False
1.174577094533488,256,437,21.421882501542377,5.035302418884188,109.32735011245936,0.0588310722601126,True
0.9755701926740846,128,424,11.902658903388955,1.0533165890860214,890.6654881576142,0.0185377359660179,False
1.537091332637372,256,427,14.409420646154476,2.4098264052727014,375.00675491928695,0.0281958983779291,True
1.597262046825651,128,486,20.67523089032629,5.1612560573296,117.18789004288398,0.1318775619431217,True
2.937314814045464,512,437,20.818868619007368,6.344863909010753,300.6770392089839,0.113748753938042,True
1.421673433531848,512,439,22.78278408341637,3.413293556609671,925.030486680036,0.17392920213308435,True
0.8766546913856933,128,248,13.952607302812853,3.484774796403361,819.9925052999813,0.1757585035324733,True
1.341607621514507,512,382,24.03723436166719,4.830070291465164,749.5195521053473,0.0943244207862153,True
2.073848193048812,512,127,16.250726235820437,3.2745440048026833,665.3658793452818,0.07060566580850602,True
0.4767245030080607,64,283,17.19123697940653,8.120774458762284,204.76028604733827,0.0692198188007326,False
1.4440324549059709,64,313,21.60701122853551,3.6334800463568095,635.9311059991057,0.1068510655080979,True
0.8307134621334268,512,482,12.489808324058146,2.2739689852939544,635.0950910305403,0.1458503740905607,True
2.1655415579343678,114,355,23.340551696674634,4.075254602934804,502.6922062697512,0.1364702464972103,False
1.8196115631856555,256,305,20.407125266875305,2.741720972885205,551.522683279203,0.09596751062630167,True
1.557245355408654,64,461,13.58834820498787,6.999520479348565,798.931806384989,0.193720764543431,True
1.3844323938742025,64,315,13.455142481535267,1.9186743228948813,761.0215472877906,0.1567816112640599,True
0.9118392037221714,512,110,24.117033772756702,2.523986716662474,818.9859800656224,0.0278531211279727,True
1.692216345906641,256,403,16.667750193729432,1.6573021427933379,636.8394585443949,0.10168432469397645,True
1.1215517685556875,256,162,19.80358815692348,3.6650659631688023,643.8346664403142,0.07733869687905826,True
1.9762587385889505,128,373,20.81856265674769,1.8642328086137043,886.6401081217929,0.1144730259457998,True
2.338980004609933,86,208,16.15235441901182,2.4409061567535915,764.3833864776295,0.1311707178742986,True
2.511535904871811,64,209,17.470484781061632,1.3818825471728011,790.3940539286355,0.11608371576878102,True
2.6585873413952235,128,203,18.7247699900951,5.513026778575055,367.04017767581627,0.0984675520192128,True
0.5873339570506383,512,161,18.350984616388267,7.326527937552159,834.9584536829228,0.0458127294883413,False
0.7039262455663606,128,237,23.56571701998285,3.3954254744605885,954.2534545968672,0.0803110268487704,False
2.6607747006278086,256,416,11.89292636539355,3.864294975514788,142.8537048134965,0.1587044521005601,True
2.127138785167298,64,279,11.77543341776947,1.5516891500430123,740.7576892589954,0.1877013308905674,False
0.9701146863465624,64,143,20.037754782987143,2.7613697647490905,490.2454300685816,0.1727486614482737,False
2.411650670291902,512,189,18.064445246228956,2.672243722378405,920.8268704407842,0.11089970591442498,True
0.7758625046641163,256,286,14.160201425869438,6.885382240154082,894.6779498478074,0.1742384683027164,False
2.0026496978744115,512,453,10.23171141599617,2.3844333205666985,322.85699847901515,0.0393671612634777,False
2.9268306025797446,64,359,20.30299740602365,6.780876858781698,163.21357528253296,0.1401127021727126,True
1.3218469986227555,512,329,21.398621003749103,4.8782981300258035,704.3502690664999,0.08248808401084978,True
2.3831742283194974,512,157,17.64022837510414,2.6505712018067693,902.8203205827491,0.13370927089850076,True
1.4492810603397386,74,436,19.89241687759479,3.050742376915561,566.5552346163773,0.11722517001524325,True
1.38161849182242,64,302,22.08557188721805,5.814136777443799,302.9116480638928,0.0102599170290719,False
1.797235508265853,512,112,18.524787934428527,3.6620712121237755,627.4666588269325,0.10487343449118768,True
1.7263989145233736,512,183,21.767754051874874,1.990093438251972,798.2197047853501,0.026328183723639795,True
1.1259780023975374,104,179,21.243041298666718,3.758056320221391,710.9588232456533,0.10666121757457044,True
2.17681717900639,256,296,17.040121067386494,3.706991642555646,787.168268924469,0.11011829057127873,False
0.2045169281564807,512,159,16.06967542660149,6.032672919818635,590.3079886271845,0.0302372110360422,True
1.0548794113478228,99,155,15.830664625824685,3.6271508094582954,520.5775582171301,0.10554396972435309,True
1.9373042306739647,512,178,15.848567114691466,1.5482845030916674,680.1135066841981,0.19096656544551566,True
0.5092737152626222,512,193,10.503188071182366,6.647555387815896,144.82708982507967,0.197048800887597,True
0.0046953155744187,64,292,24.205604172165387,9.264323511471757,724.957594731922,0.1701120394023247,False
2.323960593543545,256,277,14.965243892423423,6.615000488466734,255.19697136390764,0.0549300062995982,False
1.7092082313518024,128,162,18.711795431123583,1.5326113031674677,718.7367740032984,0.138748005160515,True
0.5595834632504131,77,133,18.589351342148774,4.226226705577617,906.3249030656434,0.08520918198630444,True
1.7996945897408783,512,227,15.6004294439003,1.4627933055641826,618.2276828188247,0.13276940217148453,False
2.4722929950351915,512,419,21.954766659009227,3.2522216127849157,871.5144314137322,0.14610602942710263,False
0.639324761117076,64,283,18.316772346920864,2.733635776569595,685.171601254154,0.05414722880671924,True
1.7834290055585191,256,112,14.128541588966836,2.5718505890983128,721.6012138948499,0.0943722533699009,True
1.598873359654006,64,381,24.579262678897084,8.552731085843845,710.6782696570583,0.0704410410575802,True
1.4196292258404697,512,270,19.793485800234983,3.1782584124003095,734.3404257726577,0.06581592821714898,True
0.4267481060615885,256,256,10.892202446625843,1.3734937394714033,540.3611417533862,0.0579930676926353,False
2.676907494418957,128,267,22.23782883618536,4.545887569417497,651.5205149225177,0.1618651011218007,False
0.6857514446479909,256,266,22.223813279666793,2.741217117175029,775.6671811127987,0.1140069329591697,True
1.9566727786364173,128,268,11.588735344431605,1.1278194055368824,419.9138666957248,0.1699721063394862,False
2.9845989515093017,256,306,21.177172147417306,8.853166173678801,130.5741891996558,0.1069263229629763,False
0.9511833812457703,116,401,16.576869948315,3.153683896678876,809.3561144576972,0.1284036955061893,True
1.7472679746217394,256,193,16.041642015224998,6.363531557133529,204.7625660491713,0.0959147102187219,True
2.8542100266199717,256,387,16.140836967751277,5.088050414261823,470.1296691192961,0.1290253799633411,True
2.3825919938312525,512,302,11.665523845357892,1.5010553345857802,602.5529046958063,0.0228350477657315,False
0.9140374172941224,256,441,17.242151399925554,4.36167697808567,720.8998590145632,0.091528578862262,False
2.4353093642704127,512,126,18.267120042921007,2.532422234157348,175.86296959367212,0.0497261200101587,False
0.2369074865724858,128,277,22.68562872575091,5.058166043700588,209.5897398396089,0.0993038398188123,True
1.266869480358785,256,181,17.086700105192044,1.7890485987060734,741.2504296398881,0.14709894589038236,True
1.8770443653087545,256,157,21.84368912568278,2.1252542275019275,848.6136730717817,0.06884374561112575,True
0.0229920979476759,64,122,17.315783024730543,4.2246051726149405,902.1363840238585,0.0832679135033574,False
0.6988747035869262,512,407,16.86919734025973,4.034704216880482,573.5305875962069,0.06338986854912516,True
1.3777955915196416,64,397,21.084187698680918,7.058838214142285,427.8616792062211,0.0780768885687206,False
1.9758893255210337,111,285,17.579551266244575,2.6619400417238266,714.1457703243419,0.06697797369084581,True
2.754229656597452,128,158,12.22776136385676,2.968662907936838,256.69832277991145,0.1978791502282177,False
2.784250920978149,128,285,21.718854306742784,1.566742678603304,112.8054013562494,0.1579602498157812,False
1.8581950619250887,512,449,21.02448240446512,2.9313809360584395,601.5959484103428,0.10443215041690138,True
1.297493634990396,64,498,20.09282556714537,9.34753196166918,316.60547486075814,0.186252114046633,False
1.4354846001165185,512,235,15.511907774358964,3.2899300199068504,615.4358802253473,0.11882227458952767,True
1.266102780382917,128,109,13.31618310540163,5.6357593855460655,895.7324916871497,0.1245600498312148,True
2.72158509211749,128,118,18.311930743156843,1.8554181279551705,997.793399513117,0.0690919643129594,False
1.8819149324983915,94,328,19.011434152099216,3.0626628741660418,815.3729029545188,0.09993879430101626,False
1.6933378718916923,256,266,19.1202435855639,1.9274984905471542,673.916622622887,0.05645064574366563,False
0.4189537642689387,512,202,24.846048965684066,7.606661779052902,171.2163605272153,0.198941890483125,False
2.909463135235634,512,246,23.463432901797404,9.22159870148117,770.1011713941214,0.0441416879837475,False
0.9054684956680449,512,422,17.662593770674217,3.6351456635276596,593.0451472396202,0.08689590540437649,True
0.3434629141977153,512,478,18.30235405298236,5.5706512882373325,897.9279409543092,0.0198871891619664,False
0.2942477423527337,256,159,20.731543049148108,5.630742429240164,969.3943681674936,0.0894043601179732,False
1.0661537060572184,64,499,17.013834227481503,9.341260381990365,207.90404843038607,0.1798509295049839,False
1.7201519938681715,116,212,19.540502286437185,4.825931836283244,680.4537621044497,0.052540603691124954,True
0.502857648864953,64,499,14.900335337976228,5.554747861664598,385.0724649316915,0.0130197446966006,True
2.249147432927609,128,240,22.142164375507434,4.452719517932209,638.9875093087485,0.1521995006111658,False
2.6181907514538056,64,331,20.0841824421112,5.2062155949845055,142.65872013804758,0.0744067869742524,True
0.4054988674644683,64,486,22.31617542997361,4.6207858041231935,882.7211811335909,0.1818315983955886,True
0.7728216610011656,128,472,15.372171717937082,8.12525589281572,210.43939953716304,0.117889361804468,False
2.6230759869571183,128,267,21.785654760964682,4.355217248996626,655.6780452525276,0.15134662994407527,True
0.8863343324322608,128,224,11.617798968434638,7.472602216467816,677.4375964103784,0.0530243147997395,True
1.1679389580902089,64,145,17.392932526176075,2.0999640275905804,733.8317321770587,0.12223430776396894,True
0.3944673596939448,128,148,22.51167374899488,6.063768975232895,615.6942797022336,0.0283495503340761,True
0.194560783448905,128,353,10.737289430870655,2.138322310221785,703.863010939197,0.1548341870940276,False
1.0427145727169462,512,213,18.44883765738525,9.67945076905634,318.52134984364767,0.0627659714557088,False
2.414966999042309,512,225,20.264929756829,3.132822865500862,305.35994541625405,0.1771820323284805,True
0.8445635952447899,256,224,17.948429448309117,9.810366823152911,327.1982167251708,0.1963060087727657,False
1.3111654879449741,512,470,17.689582520203018,1.665304880248185,944.686664396851,0.043665911643205366,False
0.9037957822800012,128,373,12.649645448057043,6.437040624828546,417.55970653615,0.0467419358770204,True
1.922916232035996,128,212,23.699495674000502,7.118298024411972,720.0602111540528,0.1691703643083751,True
2.5143458689443308,64,286,24.42073705215573,4.46545611283255,354.9802018364636,0.0732030507134877,False
1.994735173461654,256,438,19.717334572366536,2.030907696278341,391.3920781011696,0.0456990905517776,True
2.3467995698373185,126,321,15.10995237954938,2.0644046549978823,696.5639677281634,0.13922290715103935,False
1.5444520617890705,256,215,12.540947494473675,6.8367432414178255,303.4892742640229,0.1536536059421347,False
1.2433751931335908,512,419,20.291501081915438,2.9398097053739907,653.5190289921447,0.1173498248838847,True
1.2037652192962,128,226,22.002213189634,4.673227817901161,561.3079508042401,0.0950720604379498,True
2.616862306631267,143,171,23.59510085232064,3.947044077925293,913.9269030606611,0.08339755366487128,True
2.007067011987325,128,179,20.558701391921616,1.6245578344648788,943.3795582958466,0.1045024174377625,True
1.7750914869189764,512,446,14.02017250779396,7.41715152160401,215.0141394320398,0.0801709794002183,False
2.30791468092402,128,217,20.588236670225825,2.0043453229000048,585.4133843567918,0.109404782828461,True
0.9906451946144926,64,151,12.409047196444735,1.5104795819656407,881.6163210527234,0.128734089815355,True
1.9530616062848756,512,425,23.067971583469475,4.346357011062987,549.4278495423303,0.04030790140756195,False
2.06762707367198,256,320,17.23292419048219,3.483890765135226,817.3226289093637,0.11753078002771507,True
2.756779600918663,256,407,24.06612482402233,2.970731143952212,548.6630148901513,0.1625879694173207,True
1.681980283248513,512,483,19.90580257301333,8.569404842613043,629.4769924425316,0.0280623734188414,True
2.3577157498660597,124,320,15.466337328355335,2.097895728409698,706.8567196167093,0.1380479772464513,True
2.0771044192976147,256,393,23.013708281127002,2.0718755857469366,657.5176583925171,0.07116867032977182,True
0.3550085727701619,64,282,10.940832571216882,2.976571409314035,579.6012955524388,0.1182668406931054,False
0.6818088817894544,512,407,16.80802929993904,4.05094573145416,573.1174503275555,0.0627857039940223,True
0.7335605424056608,71,165,24.328844800942296,3.780246013412923,770.6623172549844,0.1635698814038835,True
1.2352966247535255,64,211,24.517935267448195,8.281294295565989,602.1107009294583,0.1641939312035992,False
0.4905716177550683,256,113,18.542819180230488,5.713826468975649,992.7041348283806,0.1494608266139248,True
0.5983288172678259,512,400,23.245909860206716,3.2108319086183768,878.0953325458438,0.027373965140835423,True
1.296230648832588,128,111,20.083009953476683,2.668185781496646,245.8201747279957,0.0904339240686125,True
2.5303901415209316,100,165,17.213338789066537,1.1378510369438393,638.8389971928801,0.10172307806282582,True
0.9783032023064403,256,444,18.05503410847469,4.135189659240394,776.3255101281812,0.06683499920413019,False
2.18001297621097,64,400,11.61688371048312,3.561492381041594,741.2878082196972,0.0617888958235994,False
0.6170617865866653,256,193,17.802744035985906,3.249988617014486,469.4649763262954,0.1611718555282368,False
2.1543692286794838,128,115,24.29855768171849,6.645853705221681,221.24840058159725,0.0917353146879174,False
2.320419377059802,512,488,16.928878063086024,4.385812719656784,164.3062425484801,0.0419372112170653,False
1.648066280988798,169,435,18.713523839057743,3.3878155779911063,967.7468900953999,0.11155058060515041,True
0.6481145475287988,256,455,22.048951009406924,6.551351959380177,274.1282644729313,0.0602063479943203,True
0.5212847794072314,64,337,20.284045998173116,6.9561164243306886,601.0467631598488,0.1860539773465979,False
2.525800700375426,64,424,23.46292933565297,6.638370759736816,651.4498467475813,0.0821391207886651,False
2.1230428042227474,64,206,13.063579308547968,8.890157921145835,621.6921673086845,0.0812026740734578,False
2.4077570387394385,256,237,15.544646764337822,8.732701348494125,854.5714580506337,0.0388785866744886,False
1.9548708945551476,512,425,22.919014166183533,4.277659688527263,548.2277717990785,0.0412415482920606,False
1.552339055265124,512,137,11.187796136629387,1.0962279110215127,409.3363829220562,0.1809771089085189,True
2.216713644202083,136,307,22.092149595828108,3.762339276270567,897.265317136374,0.13342582527272662,True
2.6037548835600663,64,323,18.697513574216355,4.835037509477015,542.8703678820814,0.1865358844071359,False
1.1892525973154409,512,221,18.819492059905294,2.7744243493335974,817.6138277740142,0.05046718990780941,True
0.7011362457312991,256,210,17.09238437344454,6.434865206435711,173.34097957834888,0.1177451944089708,True
1.976656410697972,256,237,19.720474859962927,5.842607956613405,302.3316095591661,0.1916137192712002,False
1.042029978776528,512,332,20.08783606357209,9.796321546998724,672.0592282588043,0.0617929144121972,True
0.4505070024511249,256,148,13.71346762212677,7.944142953959479,993.5770902431972,0.0765359870888604,False
2.020297299974752,512,306,23.821290023144915,9.384084820071266,563.9477283792914,0.1784959267952691,False
2.3265994072140783,133,219,15.904098762662432,4.527129466053273,891.7625897031572,0.11330564482693213,True
1.5497178853379372,512,241,22.34902979672158,3.050588692688505,149.30852223242238,0.0831529205575672,True
2.3415765457315856,128,489,21.23736734764797,3.018325448361085,999.3969293437772,0.1000904331584438,False
0.486700217347438,512,325,11.077218756458736,5.10677120492356,188.9857259886725,0.060393224121938,True
1.53999235964982,256,309,18.421795707644524,2.404873901320225,683.7972782727912,0.0617262413057638,False
0.8546187058857685,256,334,13.112041570883155,3.779070925173274,139.3892624784867,0.1754379982639171,False
0.8401119886514683,256,196,16.209515477260812,3.1867161260911354,440.3364519632149,0.1587619755337832,False
2.5689918376177605,76,309,22.58038644003348,3.5804473360100615,848.5644797677058,0.13235863993464003,True
1.5222358161534266,64,355,11.533362566979168,4.807679705168345,364.0204719945888,0.1469939974675227,False
1.4647234110653344,256,496,11.03761285758126,1.961967659401545,967.1946394517656,0.0567206073700314,False
2.866571087864804,512,377,18.11479353292125,3.713395738189235,467.1923351226282,0.1214603294648731,False
2.571537770996259,256,272,23.31586596839981,6.772539238509848,714.7721561267218,0.010249780351819,False
1.6506796264687853,128,361,16.118239152954747,4.780650657269479,787.1518762483297,0.1172244524046129,False
2.7173449068094198,512,483,24.127884934369966,2.0216764368779314,628.9776921636911,0.14219239563336375,True
0.6074416804957122,512,269,15.504972209023313,6.368644006287678,364.5010748793851,0.1034253889631136,False
1.6759271893512762,128,230,18.90910931415108,5.619147148868133,204.26243733760464,0.038625350259457,True
2.457190541584968,64,402,14.17697936373019,8.134097390151641,843.7268663708181,0.0975993037715787,False
2.939910988076552,256,160,23.130568949908497,9.44884114447383,807.490581946904,0.0291675853301573,False
0.4221345841462752,64,186,15.674108405243096,1.0733162337481164,339.8474800115607,0.1138359762415307,False
0.9310875414997226,512,437,16.51290259456917,2.112288374384595,915.5615414175052,0.06091220586655834,True
2.661339353112568,94,207,20.039123927195888,3.311108931200723,615.0629995606456,0.09903686768780443,True
0.0785901255961943,256,151,19.131969402705906,9.970053476975128,788.9935186893841,0.1895433897073662,True
1.0343707325489297,256,267,20.73324558586844,1.8455602554972725,774.5421724880742,0.0280036914707324,True
1.326257836901283,512,280,15.243813741676192,3.1925512275726895,594.3426459988127,0.13300669996502568,False
0.4113291171869971,64,274,14.916568087618284,3.660744986016725,435.0516911289173,0.0132919346335824,False
2.117570405928716,512,260,16.929808486134796,2.7403694017018987,617.7687940968037,0.08396673168516872,False
0.5894204029574079,512,433,16.479774322455505,1.771092588372252,893.7957375937858,0.05556336866914576,False
1.616105393858143,64,195,12.63400209562776,6.703908938186463,500.59993124811535,0.0343885164500875,True
1.886842000993943,512,258,18.4357400878344,1.529741237461744,562.8606624781237,0.08806297206826777,False
0.3656582800108426,128,230,22.6368547917762,2.135526311338631,187.44821376936892,0.078662696197453,False
0.5235965050665624,512,404,16.299285437488994,2.6203651176126184,853.7980780942632,0.08078951769502035,True
2.8953560893081365,512,420,23.119086917547488,3.5351141902707246,870.9113768409092,0.1629971365230533,False
1.1230577037891074,128,222,21.45068492340808,4.611565274186859,966.6926040154607,0.13167047265223136,True
0.8093365143465325,64,197,17.71344374677847,2.7276609499562445,793.7189150288259,0.1351401370102211,True
2.168442909625451,512,432,22.50066436647496,7.348264218070137,116.98502913154474,0.1043741646423848,False
2.4170104588501595,64,251,20.428876011331504,1.2845803441371757,955.1626397362376,0.0355852406630468,True
1.4135036967984438,512,483,23.770157651415257,4.194955369345182,487.6850425255616,0.1603288081817335,False
0.9730012593461268,512,299,10.563284800900684,6.8769345838754585,109.06629579390832,0.0435923166281722,False
1.9327731408913313,128,179,21.545617556471225,3.2501391078658592,949.2814090224449,0.17554596864950556,True
1.8456583146930328,64,161,18.00217713859439,6.706827505718551,162.08857743281254,0.0496796791203304,True
1.5754901510011805,256,450,23.69181078079788,6.873520615726181,981.193054827046,0.1856947084886584,True
1.9684855130432144,128,218,19.76299592881211,4.945958604653727,660.2369848356067,0.0242801274142361,False
2.005717940168742,256,307,16.611487021548122,9.296103097976737,486.3890502439348,0.1714755714266004,True
1.9081606409847724,128,202,21.713556687069858,3.1702439218817906,950.1161508925288,0.17558468619262327,True
0.076926197419307,128,191,19.226369310549824,1.7837384463228576,420.74418743089655,0.153724640509831,False
0.1040108001794499,512,132,24.394392306845965,7.335478741797659,740.8490803221044,0.089363413568935,False
1.1418698804297402,64,112,22.070889756121467,3.361670403136705,327.528020168484,0.1360758147161266,True
1.2661140294530076,64,206,20.110550256028237,2.1310377811362264,872.2794038594044,0.05027561780766839,True
1.937432437965618,128,145,20.16842377744132,3.160626877964608,963.2178396351228,0.1693216324542099,False
0.8420496465479229,256,166,17.456339640261955,5.679983116332297,216.32292459030347,0.0988720883460311,True
0.592411469579812,256,280,23.048943435954904,2.89415572914891,781.1952468877319,0.1086916485037885,False
2.132595993477615,128,217,20.16199126381232,3.523719107869114,624.0605504440815,0.0654370149736073,True
1.7153170561449669,128,259,14.3911232287474,7.389145412016472,199.86063493090307,0.1367046608629062,False
2.825177134856775,64,188,11.681477655261382,7.29195584859728,785.8976200276937,0.188956259527978,False
0.2130229935997664,128,129,21.51950136714708,5.601682219334397,443.1391471801426,0.0232090926481071,False
1.3359157650079965,64,454,14.084284910622014,4.749330050057788,448.9359968179787,0.0324953998712542,True
2.635546683904044,128,429,14.324437068313843,3.8756930662672815,533.5802467560833,0.1953058697717088,True
0.780860572698009,128,441,23.03682421421552,6.540507567301231,727.2939106637207,0.1464161114638731,False
2.87512894025189,128,178,20.541045798825838,3.795689329829667,544.6350054821305,0.14904194781390517,False
0.6618358581336338,64,153,17.465319393216582,7.95033248187878,838.9650007513169,0.1302183933414376,False
1.357917158211794,256,327,21.594731602002305,1.4989430353699356,808.2294740866736,0.023772587657543358,True
2.998241177312,64,393,23.856146968999727,5.817274611663782,899.8717642764777,0.0134709165058385,True
1.3411666314192765,512,132,20.3628025650972,9.550622397460655,419.7404962516002,0.1880318429073073,False
2.378563257101518,64,221,22.487480514789496,1.113355343524841,862.8166268112362,0.0460594877125695,True
1.931712760623392,128,187,21.85904447154633,3.270510636191528,946.1097039794794,0.1769625263785537,True
0.2789719194693965,64,130,16.64147435292842,8.177656660262974,127.9851597487504,0.0162524293663846,False
2.4674416909030827,128,145,19.128747319598624,6.028564991720852,257.4514123219268,0.1444634996144399,True
1.876701721354602,103,347,23.561970377830605,3.4322344996428216,624.1399927228497,0.0746218775854499,True
1.029502059517975,128,166,12.226025447293232,6.28461215322127,620.8462095312142,0.1778014788153673,True
2.1235052916893062,512,154,23.382293753049414,6.273078430174812,803.830842896427,0.1018172518684786,True
2.6526193900452237,64,322,18.622585567898124,8.055276263807858,705.6260418582788,0.1011013199262901,False
0.522328006002253,128,269,22.40210669171549,6.795045475958891,941.9909855605896,0.0906666352592458,True
1.263744159882216,256,358,19.07202642765946,6.099076029071264,391.4657979013029,0.042034695662683,True
2.7379321063994553,252,304,24.53413087675299,4.601444425321813,586.6958267377377,0.14705234401470862,True
1.4826544453773833,181,153,18.453329961444105,2.794629391818212,979.2065258481721,0.08194850192875733,False
1.8424242784913347,168,340,22.073656583387976,3.498151097967451,567.7635084432371,0.07463337744004675,True
0.5942928982792204,128,128,18.636778163341173,4.094682179883214,925.1873460314372,0.1949232288103475,False
2.323901341913364,128,187,17.129456107348837,7.113223011918471,954.078098468411,0.0541151088593554,False
1.4461231743362477,256,155,15.502088277100086,1.4953393800344457,730.6341185686314,0.1573066234955255,True
2.3546909313344027,64,233,20.74223168313542,7.452777461981935,984.7724013577003,0.0503987023790663,True
2.254125258087137,256,228,11.870461706854048,1.5767612884365958,680.6234115421486,0.0990222285909809,False
1.4422059602240922,512,186,17.739092418143322,2.8566023226237363,839.1737750385355,0.05657862271231332,True
0.4944444471883114,64,216,12.970464199466406,6.312818550925616,352.0478850549008,0.0844716666270089,False
1.3631320036798826,128,301,13.61317095558224,8.718943573380308,596.829138255865,0.1947720668324702,True
1.3209702551050468,64,420,14.025096869119862,9.987383511428888,635.0935443504915,0.0940416366395799,True
1.6614067221371287,512,137,10.392375134851298,8.23271632438324,256.204612065537,0.1138380485532737,True
2.373190653364361,512,193,24.338122386386498,1.8743600055198173,611.3081775688074,0.1503615325928741,False
2.4108106063246053,64,214,10.455693699316935,3.459959889993016,504.08179665745575,0.1338420196424027,True
1.5926112163324073,128,407,21.007522298457424,3.7256209477165454,527.2693465557714,0.1410748192957621,True
2.5259956586701846,128,211,11.62254081326139,4.136582348038769,158.40929550855228,0.0948538672562391,True
0.312674408425043,128,283,13.2370637658954,9.576192822071588,545.9721609806602,0.0404654823419814,True
0.544248603958666,64,470,22.255963299031396,4.3661658898891265,879.2377002262377,0.1738081770123244,True
1.9744066005959113,97,375,20.88667810372917,3.5476046835667434,722.2031069392829,0.09612189955569857,True
0.9165729319740706,64,268,20.32496143499015,5.784406741161041,921.5549723745776,0.0902094813362212,True
2.8651815344549667,128,235,22.15026667069395,3.4800100310910587,120.24309667198644,0.0413227807798445,False
0.7951392849750121,128,346,20.187375186153357,4.853022127725176,431.44329290060887,0.166455653556019,True
1.3015162498740036,128,377,22.314275742160383,1.6244307301526821,839.5192389895577,0.10749233458499226,True
0.7196223382678342,256,425,24.29980120651383,3.328135964212856,938.269295013754,0.0920959054418929,False
1.0664790313240722,256,341,14.863763107779558,3.011750400713602,851.2016696107347,0.0712898949556337,True
0.8917134231258516,512,437,24.338050649027792,6.4227330111272805,592.1084123454553,0.1713868084437693,False
1.727883675542862,114,150,18.259342536612582,2.36460115000584,870.9677969136317,0.07217037819555475,True
2.9143779919078296,256,339,21.232209504852577,4.029074079571904,700.0671902857753,0.047740518072125704,True
1.0438242347465,64,479,14.6327091217243,7.494188734765242,336.21428026061506,0.0762529637364451,True
1.2597383219356175,256,174,16.46917186310155,1.4442575461528708,744.1664221528472,0.13608793154071683,True
1.8137042755292243,64,285,21.11057651777108,3.838292248753563,637.3128018537285,0.10272727951901306,True
1.707117564834404,114,180,20.135245664415695,2.1585166872383152,909.6054071095449,0.12143751360067692,True
0.5948165144252,128,109,20.845061097720514,1.4155202921062062,630.7769074843523,0.11412909504855598,True
1.7870865530059479,512,474,18.920158856164583,1.923517569520445,949.304763906091,0.058514079767763294,False
0.728243308329449,211,269,20.557181151772614,2.4096808211010177,738.7266515769461,0.13397000498597644,True
0.9142532861584,512,107,17.31372405095074,4.270358876482879,431.1126327576481,0.1839451664866289,False
1.6306146520279383,128,406,17.057099795157352,2.616478649445726,971.1725009682292,0.1601409946948694,True
2.2805635779039637,512,191,17.862575226791126,3.016986473808964,595.8924158104137,0.10027573980338846,False
1.537507946310995,512,151,17.140881542529954,6.694264372631617,619.9867607479367,0.1714008104455148,True
0.7647712525883898,93,454,19.191825170333747,4.179221713678638,915.0870492665326,0.17424372450838482,True
2.558145868986109,250,142,24.234047116309924,1.9248398206118373,856.901643564465,0.02251396903130351,True
2.012196935717502,512,215,19.130844132673246,9.5548102707535,391.5147849068817,0.0681511060557775,False
2.020446239098157,128,275,16.80877590364565,2.3063149757785486,702.8383262131249,0.037579788300305283,True
1.1846676532518496,128,290,22.48948747103118,4.278425692584317,570.9157891909751,0.09824575156861884,True
0.497864685887355,256,433,15.00722367563856,7.267940134319918,483.60831243828784,0.0813618860618855,True
1.8584710380288436,256,423,24.860688379346577,3.537994174164745,157.520188854227,0.110206434562311,False
1.3342305599394357,64,253,18.028671909938716,2.854050273978812,618.3519578752155,0.1134702339633769,True
2.638745564854588,128,347,22.445030203976422,6.531770071490517,752.2338476337023,0.114783156116754,False
2.728880458309777,64,334,16.29081747279529,8.548275162655454,403.6535481238898,0.0826753288302895,True
0.6675749294874644,512,429,21.498801200143003,3.710020376927146,698.9392478895112,0.08793765930127748,True
2.8515931577586104,128,358,10.279698796221744,2.3807582146979867,765.8792195886257,0.1823103144104272,False
2.2026295693640368,512,157,20.027630959239442,2.4085435014258265,816.4006668927277,0.10482902462150887,True
0.2204902419900379,64,217,11.49977871225665,4.148652124817694,120.12988104498636,0.098941354186436,True
0.9589675498454331,95,153,19.543652858659996,3.7567477839752477,923.6994910943348,0.12921274940370958,True
0.7303538740610233,64,127,21.741137958041914,2.370800843891141,752.4574849174251,0.11776604707411642,True
2.4779346381242453,512,332,17.990285210707235,5.019417109959903,453.20669638165714,0.1322596671266883,True
1.0102400861260707,128,221,22.04358343477381,4.605653835201808,973.6528679141409,0.1339623051964744,True
1.6431885205142562,128,380,19.192865226973883,2.2308167541324044,987.3319294710071,0.1603216727042508,True
1.0165819480162548,256,153,12.32223632307603,2.373168018721409,178.960534536429,0.1576933545558171,False
2.22957959619481,512,438,19.925399525372548,1.6230711317106854,405.16673363359865,0.1789530527960501,False
0.6476408067154564,512,138,20.456059392842327,4.208302056644674,956.7927695226372,0.05199394426725539,False
0.1712605682679445,256,485,11.644544238027796,7.540034223323913,997.1639990734778,0.0213860631637864,False
0.3490991936564283,512,178,10.275574818071568,7.18635219182026,385.2672883282015,0.1421029912598079,True
2.5325113469075915,128,320,12.16869565359377,1.574797360069215,417.8240139530588,0.1338913764389787,False
1.593508584003096,128,382,18.505491752518413,9.483424304362725,341.0604285030224,0.0135690219565645,False
0.3606271661118253,128,109,13.954081597103222,9.68160570055316,489.9256684261753,0.1707925263872288,True
1.5990866017384198,128,260,15.161132400555337,7.315422706594857,812.3395441102817,0.1174075113774855,False
1.85143495981209,128,445,17.19278855667031,7.066526074783262,755.0507463214344,0.0232592989600883,True
1.4934375241028706,64,411,10.968038257670145,3.5772946109844272,670.7159297801227,0.0825505117954489,False
2.604426763132516,256,336,17.790965279252013,8.488852624748034,356.38408615192884,0.1207890540798519,True
1.0171188500542785,512,467,18.93517697066535,2.19320455669111,900.7407389309277,0.0656284673789655,True
2.869504194898441,128,431,20.271597374187976,3.390485118997734,567.4987157989889,0.191289577194303,False
2.029840009896023,128,162,19.539233977670115,1.7181744662424356,923.3264856684084,0.07667000746047761,True
2.503016003997636,84,166,16.328778217496257,1.4136642812313294,740.0840400178951,0.13218515305030146,True
2.3934409465759034,512,157,17.50446811590988,2.664334168955357,907.7345963158822,0.1353515534972601,True
1.7399513622843938,128,483,10.07971253732293,4.730328813289239,117.3865631809064,0.0174386034126448,True
1.485689434471459,512,458,20.148916519749235,2.542950773137542,650.8568955705931,0.14824034970512906,True
0.9356265976639185,64,242,17.292647052154223,4.160631503591094,572.0880373130741,0.13287178374475572,True
2.6775698698645383,512,175,12.620628880731784,2.4029262777682514,751.7888477320239,0.103980828678962,True
0.7872867927423433,237,423,23.042261258613323,3.3736160539853044,940.4982840228994,0.10245890984789671,True
1.6067951231171476,512,222,15.967812837941361,4.323864909360943,788.5976507600506,0.09567913515396917,True
1.3288527469029021,512,331,19.790522973352278,3.0584470881232857,822.4649230350353,0.10453796115117095,True
2.049744084868937,128,114,18.392128891845196,4.758751052818324,140.55362372775292,0.1894088375326737,False
1.908874061937744,128,221,20.427946895548168,5.991371969913907,416.4714760040639,0.0587388811919035,False
2.737608554959798,128,383,21.401515923487146,2.922180626406411,575.9657373109362,0.16870815472404088,False
0.312328948152499,256,272,21.384936437360917,1.1846044272105054,812.952222605168,0.028231593439852,True
2.3022461266571,123,238,24.51509904251266,4.336793466625,960.47595912866,0.06463781477684022,True
2.3146799926699346,512,448,20.919065102562207,2.6907206520209983,911.9854698410126,0.10825340174178205,False
1.6198713908416789,128,438,15.18595378289497,3.502438735000053,415.0641810474576,0.0397109863813283,True
0.7549496940479221,109,439,21.393834272382836,2.5146576078992506,802.4809285084596,0.06699066417457125,True
1.52508164074884,256,435,13.07070921392652,3.0419732332265035,581.9124780634071,0.1314375002433976,False
0.2951869491401919,256,370,18.92430233171216,5.955519681866292,954.9090854478846,0.1690922124266584,True
1.0993846046141935,128,257,13.051195032974723,3.9113898547883146,276.5625462441808,0.0954214538312379,True
1.3846724232593697,256,253,15.26105947606463,2.854213512238758,269.8050621052293,0.1718820614027915,False
1.3301400431375632,512,244,12.979759790217088,2.858007091745804,429.6956722288826,0.0690732854838138,True
2.8098170768848845,512,173,23.925036580084328,8.489720370768019,866.1320638296467,0.195047727137757,False
1.6950659785770483,256,476,14.954615313353177,9.858166451214842,717.1327462500434,0.021210633459829,False
0.9093850678359858,64,122,18.79689268562196,2.7283028712534656,455.3087582536425,0.0399871264469617,False
1.959488371593849,64,443,23.01215535243959,8.487910477993125,222.9611887888769,0.1280040768093824,False
0.1744913865164273,64,266,16.816334787393117,1.911386628886687,735.591687368559,0.0663368050270049,True
0.8883618434576364,95,135,18.644120583062783,2.3842462063287835,651.4967447594054,0.14275308505304238,True
1.177549293998167,256,161,19.06146070924534,3.2907282446316524,658.8099675370316,0.091135371279623,True
2.7228330076696645,64,344,17.00862016613256,9.609137717069435,625.378769904763,0.0645116742932994,False
1.209231466451023,512,465,17.518718017766012,1.6802455660083107,937.4992003815192,0.04534622185997181,False
1.0602641379081543,512,481,18.995566201121505,6.736532481416214,524.9780547563578,0.1461101204716683,False
2.5672117767173592,512,441,16.292705640062756,1.0700557324207045,163.90097155485122,0.0129861507736646,False
1.1910451237115751,256,282,15.91726947021258,8.652406549023318,295.715875232249,0.1974089513224074,False
0.6185529864835873,66,186,18.709868167381202,4.134334631692202,772.9945596907824,0.184596164154886,True
2.6472491052220164,64,230,23.07260820235952,1.5356119830757693,432.9352857750928,0.1731673041934083,False
2.621095780399035,128,176,23.4822306220952,4.232456418523769,922.416633483966,0.0926672760729096,True
1.551807169324828,512,428,24.94133090896769,8.264727733619441,910.5908956915596,0.1417999248445289,True
1.8972405579644454,86,301,18.72681583796875,3.2637708390849265,732.6887255730304,0.11346756739046382,True
2.393742478847682,512,359,10.997096953137572,1.4884406685043623,900.967334623523,0.1402397911586148,False
0.9237898247735729,128,291,16.67133847303019,6.557164731218991,116.6115029859498,0.0408317887862241,False
1.5131764689441023,256,380,22.429601165883433,1.9698735579139117,850.4639984965357,0.04014168505289891,True
2.206989342717569,256,353,23.522584291769547,3.977154953029389,404.32918440177656,0.0929877977740389,True
0.5246443115278782,256,103,11.656142465150891,2.441767718848985,336.7463626107435,0.082880437983219,False
2.310087194442376,155,245,22.208034457442185,4.6045094774761255,640.0659820642679,0.13487612659564002,True
1.2430153200628133,512,177,19.664917487473318,1.942108242933596,827.3538123224965,0.02124053560596495,True
1.480416594395955,125,380,22.681812208564512,3.7470865637154045,524.8760683327907,0.14836399616840568,True
1.871577974029719,512,309,13.36410127362858,9.234369429663545,464.5919143424085,0.0622441796260603,False
1.6805045503855258,128,322,12.656821864036292,4.39400786081,335.7363203634061,0.0296847352182148,False
1.7560630931902566,256,210,12.132112803968766,3.3265051092963454,620.6341237577731,0.1085368560107134,True
1.3456929628073304,512,440,22.76544490422259,3.4070127002439907,927.8207722443339,0.17449284009664845,True
2.51112337572882,512,209,10.53373218690194,1.9573134974671933,900.2671298567885,0.0148141540601137,False
1.4665397407707603,512,445,12.002033189231929,3.5394002563252536,140.029469922844,0.1224150324494973,False
2.1067762980949927,256,473,24.791012203144028,9.260626805383168,812.0644006500411,0.1473643996441652,True
1.757107242356653,512,113,18.065068960824604,3.1770583782723723,704.7012912544911,0.060848355669524984,True
1.2782501516711144,128,210,23.31789024603329,4.8234766297898,210.10471836592717,0.1605350911328714,False
2.6249291071992977,128,143,17.624617927841204,2.518045234338289,972.5798959284808,0.07966135696989299,True
1.3312506579137136,512,251,23.339781398924792,7.995660182551662,752.1482742294855,0.153349580250425,True
0.6255315430720074,128,146,15.280248737528174,7.244608476450397,904.4276888949676,0.0862538291888909,False
1.5217044260651773,64,497,12.694679737961977,2.3766568354516937,122.51363670176872,0.1043686819797682,True
0.3240772623920741,512,336,17.32057336422625,3.194584569694948,215.6535806510887,0.1878021854503779,False
0.7893377097325286,64,147,13.918676986803735,6.745075755229807,769.7538974645371,0.0360708142731646,True
1.9641280330597006,84,291,21.594798839622257,3.8972709356141344,567.5085406319611,0.05114292380481769,True
2.682572623992355,128,372,11.31363360124262,2.32971691994165,238.25669815391603,0.0293592227406452,True
0.7185305097286143,64,472,11.732768501604731,8.442131896242717,878.6717299957556,0.0137301315636541,True
2.8787299329631004,512,387,10.147702375180163,8.422131153051428,299.26891881387087,0.138103975452221,True
1.0954225488865683,100,468,20.158917091876802,3.260806886341029,716.1036850019768,0.172011537396206,True
1.242389257586781,128,238,20.664819121955244,9.925295149167065,251.54676847274905,0.0540505797444936,False
1.8258590556844023,256,447,19.53837341940313,3.9779588615721004,703.0463171298842,0.1462071751864502,False
2.4412810168197567,110,280,21.564391138669535,4.347185266961002,678.7241893974169,0.16050179846250506,False
1.4826373417508996,128,380,22.65059981012508,3.743914216520864,522.827706594611,0.1486839696073897,True
0.9202164439585248,81,298,18.856637728921328,3.7089207107182354,620.4258322867316,0.16373882260560113,False
0.2817021473682551,256,293,16.686681213392056,7.731312861802755,750.3824818549616,0.016969961024963,True
1.7484205052504689,512,210,15.362044682526122,4.041510139407617,857.7749068365662,0.1098181660099847,True
2.2092060451969218,512,445,14.192041618444728,8.496384835536233,222.6268126507437,0.116600039509537,True
2.4523491254735745,128,209,14.0578267025777,4.352747075225154,733.855842891348,0.1634254797716263,True
1.165674303811037,512,166,20.213758189258773,5.352481060764997,116.702502871173,0.1379005392282501,True
1.3956168368511546,512,288,11.424304711274964,1.9746042083462516,330.3826829586975,0.108420443915351,True
1.5346897005776272,512,307,21.67564857412719,2.043303498453473,951.5039008804081,0.04672879824036609,True
0.3616752492110707,128,146,24.4153140364782,2.062490565340468,139.23542961333496,0.1870387687224881,True
1.910009046501622,64,356,23.70167047713385,5.059803587201484,962.1838482481896,0.0756021539395286,True
1.931060835425993,64,317,20.385160296192712,4.138077155894752,596.8500125794228,0.14031490766683657,True
1.6326101662550363,128,401,17.3960527840145,2.5552728399699256,973.737055346554,0.1601696688883872,True
1.1197553748880202,64,312,22.009959122879668,5.434068972799026,469.7283361369073,0.0652070671997165,False
1.2679075137923683,512,423,20.277065569661847,2.8996310079595475,653.2495099148781,0.12047723603416882,True
1.2755367137625488,100,279,17.064357098618576,3.097693058730882,672.1750861798765,0.0942311007920422,True
1.6868904476337294,256,458,14.862027607491946,7.543940041526562,367.04570642113686,0.1649607966447047,False
2.551848173523413,64,478,16.544521357495263,4.659629657949855,752.0125393084052,0.1840683473249409,False
0.9242718662888179,512,332,17.825918292915908,3.2646209226393825,604.6919007469488,0.12765509394846855,False
1.7712773007365796,103,253,20.456394422885474,4.452431975041071,651.0973319352823,0.05532898266890607,True
1.220723882168612,512,169,19.458388515186076,1.999569729534892,825.7197527142307,0.0180709656600421,True
1.346080867867592,512,341,12.79867748880462,2.4204765356301072,729.2878097836393,0.199468856491629,False
1.3511128087745554,512,107,23.33263767607798,4.298112286778722,532.6668211687504,0.1791757699253048,False
1.0491096892375489,256,149,17.24092581215175,1.3763946140781882,481.0827084821513,0.1801608060983244,True
1.151498855799132,256,189,12.006410426155032,3.0241537349664016,697.9185573934482,0.1925406208213875,True
1.372684838733083,128,375,23.082423451285358,1.4486842374042994,843.8116434592426,0.10626903162389531,True
0.2195877713053309,256,200,20.058107597591363,2.3221801812063427,952.4522725351836,0.1367715360127572,True
1.6008076401806353,64,399,19.365590468854155,7.834858344608379,240.31111918595212,0.0751450605102088,False
0.6608233805343627,64,182,17.338827051047257,2.847532903806718,793.3350431280141,0.1361657162512119,True
2.056196632140817,222,338,17.2159440642299,4.3020359484679815,561.3235379028309,0.09759855654841042,True
0.1804270278023556,128,339,20.922750357827237,4.787895247688855,128.81624798750585,0.151242041345367,False
0.6254333156811336,80,175,18.11749965907268,2.4803751760478283,796.7527847412457,0.14422537076619574,True
1.0056241421126182,512,374,21.14348221147648,1.6826640155411945,228.3400484467214,0.1943122620338311,False
1.4429186696583711,512,179,23.63848564692252,6.626314825600186,516.4839468045758,0.1276379558493461,False
1.8802880524002816,512,195,15.700318537124124,1.5173332783717632,657.8968151400811,0.1706934193791643,False
1.7185042709809528,117,357,20.34513035163383,1.9805753817044458,969.786088382091,0.1483233432165197,True
2.054574589759872,88,402,24.10711184534091,1.764890814614706,842.5863116904959,0.06647670364983342,True
1.718355794477569,512,113,18.342522251681913,3.14711820391411,709.9406910181406,0.05933568388595595,True
2.1924628949421896,128,326,14.268936918038776,7.498877016410927,516.8062305554054,0.167859077720239,True
0.6860842798187826,128,114,21.437768021196508,1.8015446000066615,617.6436318333962,0.10439082975607986,True
0.8978217385240642,125,412,23.519088271197308,3.5873255787184064,609.3081858200508,0.12716625643600807,True
0.9807948490142372,64,436,24.679811220069475,3.222669017456388,484.6805221324928,0.1387958928890464,False
0.5559905385861433,512,437,22.038468015229363,4.747529531277283,138.70194890011473,0.068212397017895,True
0.5670890566711797,64,485,22.38326665819056,4.600657196432697,885.8471129166866,0.17981050643978994,True
0.5525228099189144,201,209,20.902844222545706,3.2976009131179276,961.5610200179518,0.1354279431655521,True
1.4630012058637931,64,367,14.690239975416883,4.034979189192034,120.95837149832371,0.0824490215908948,True
1.1649849480041319,512,289,15.53462101777236,3.292277160092304,596.2780709980244,0.13342029866901556,False
1.3993531942791866,113,177,20.698371222884205,2.321999658284319,908.1613340694519,0.07761691644454083,True
1.454088861390141,128,384,22.64954449228242,2.021262738646952,424.7799417821238,0.0920225146717772,True
1.3613686241509175,256,378,13.969742574981424,4.741113656465817,220.01680607825213,0.1943356676181918,True
1.6267116164755449,128,134,24.86479254245028,5.135349709451488,393.247017943655,0.1663881602561704,False
0.8980282774986121,94,135,18.580692866762366,2.4097064026313944,652.0865954997453,0.14354926451385017,True
2.0169499637859962,64,154,16.638002631666275,1.353283157052259,768.1380830773695,0.1145011564003651,True
2.8220377353460213,256,259,21.952722651581848,8.56831459396114,300.0619484465992,0.0506401899112104,False
0.2815718544700686,256,433,19.96229147581723,8.935502711646345,401.9749222149085,0.1536261955494751,False
2.3460842630111576,256,279,24.996119083871392,2.9282989090886598,466.9662222367475,0.1439443634233691,True
1.6362956082207163,64,452,16.732475397709727,6.537053825201832,225.15321321453655,0.1553504415584274,False
2.3052754928527897,512,216,21.799702587531677,2.771937116352965,585.702016107303,0.12592058584364943,False
0.05757683046917,128,155,15.375438034867429,4.220064332575896,504.40874725163945,0.086681999445378,True
0.3831404509057045,512,310,23.70647504955698,1.239423072369075,933.1665691972772,0.0725562609650796,True
0.558304253538832,64,167,16.707407567959955,8.156949278773444,303.0219497449856,0.1787013492823809,False
2.1527932969745285,64,221,16.231585243894912,5.74503380425435,960.2477467146912,0.1653965611987371,False
2.28324665214736,89,306,22.443064537771072,3.183800735051408,829.649840610031,0.14012321553397625,True
0.7175403126477768,64,103,22.324740008201086,2.125704041346929,736.1375005091295,0.1422187879589281,False
2.8884310712220778,64,372,19.920405904919583,8.490141474051054,823.6205105672179,0.1802831408885406,True
1.0548680617189032,256,458,22.204235889710787,6.898741271225696,153.88716404924708,0.0977432414637277,False
2.1223088040786307,128,322,17.70941038922701,3.5423188136563812,953.3833765008486,0.13148567729765573,True
1.958451894626359,512,436,20.784839846202054,2.22187637492061,552.8186709010388,0.06438007754170952,True
1.8418007542801853,64,259,16.13838220287694,9.197910143257994,629.6731132540274,0.0745802060207483,True
1.351052936716238,128,188,19.170355196475736,3.5415739909524437,680.5282010967552,0.0720747508462727,True
2.0851056865756594,128,164,10.160084317732512,8.271691203346816,519.3495558369863,0.0149887955738821,False
1.8237156422721112,256,441,23.41896810026458,7.195364914473303,169.83602377853413,0.1169311516895677,True
2.9013798457775115,64,236,10.693872838919258,4.188214028703198,827.3514224698982,0.0219731879863204,False
0.1302375985644575,128,464,19.92171724919652,6.471619324152483,559.7128274489955,0.160653370101163,True
0.0363623239316798,64,227,16.501955495996857,8.306317962512008,344.7685970002743,0.0495821143683278,False
2.681969130023611,128,386,23.618090154028607,4.377217677346453,501.6360266289088,0.1364780098835653,False
1.2447470051827565,512,482,20.22798467943711,2.4365627278147826,907.3928108139454,0.06421690700282323,True
2.855435356269717,64,483,17.746665128542322,5.031959092019814,804.8993113470688,0.1769973115059381,False
1.559321845668053,64,243,18.405984307299143,8.059673049563834,337.30791273594025,0.1158216646735397,True
0.8224819996794176,64,475,14.6433895226961,8.846796212658504,244.33681165000485,0.199154134304768,False
2.534158022673703,99,166,17.256336526015204,1.1375998645333478,637.7636688290178,0.10005249492985507,True
0.9890616881247243,256,437,17.17574475598054,4.347644403261944,712.9696274997996,0.09147245169951183,True
1.2552078622702094,89,219,17.489303197943368,4.571039464123411,595.6149814286005,0.09424579761777485,False
1.7010487829600034,128,152,23.98961593830977,4.1611944905499545,544.452346586731,0.0516604833025902,True
1.1979477474279243,128,201,24.53224662225065,2.936085373414368,843.1826118552715,0.0429439633598526,True
1.5743375948426788,94,430,15.996064280676388,3.919455146876685,953.710673760111,0.15330859839626587,True
0.6842393158467974,128,217,16.034121511471504,8.417619996628225,489.2026236446924,0.12107558831548,False
1.872312268356842,256,388,23.851945480178287,2.2499997601727095,681.9771312053576,0.0744738801542494,False
2.893429961702435,512,231,14.75501454601456,2.623203714534867,973.4972633965912,0.1112459990406863,False
1.5708288793948217,64,429,21.103650282159677,2.9820784584531506,640.1685782012039,0.10086506546980328,True
2.7000693701940337,128,206,14.466312305083664,7.226621919513714,861.4030810576572,0.143283216950579,False
1.3182149690833564,64,401,12.951381665074834,6.708964215316414,765.571990840502,0.1854236589835975,False
1.902312094128994,128,313,21.963137184799898,5.095138946180031,876.7489538043542,0.1114162890620845,False
2.077877856678493,256,110,20.045259586949086,2.9202676122967413,127.5449467032138,0.17485236625328,True
1.7959912935865558,128,263,19.575105633177913,2.455093775121391,767.9693310340465,0.09282598381608569,True
0.3641548182672867,64,348,19.163612832375943,3.53358658695138,271.8539729878986,0.1919637803312326,False
1.9914135828654151,128,271,18.727978997570617,7.684493474677757,908.0950399880336,0.0829484523770792,True
0.2089234444872172,128,272,17.35006376146515,7.038959150172843,476.0304246113502,0.0837174312181112,False
2.182970439184194,512,252,17.527382500657524,4.159124949913793,548.3236151623868,0.08935736448511405,False
2.1484520226695807,512,492,20.94989836967445,6.03842309994511,819.1660775375765,0.0925911746060813,True
1.851199548353404,64,328,21.38542072076804,3.614310633009292,376.3001645635006,0.1670188364812875,False
2.9160159888946118,256,343,10.400151439133088,5.249050698099168,747.1154390607413,0.1896196107995835,True
1.3771463695255668,512,449,23.096506413677822,4.279794047813211,627.5686189939358,0.0665668288741344,True
1.183428835710106,256,124,23.96538989462601,9.400969064537726,295.2489028666023,0.1375113746911428,False
2.514168233120503,76,275,21.806525271385922,3.187371754469156,848.734915320903,0.11440383081686643,True
1.458001481392809,256,256,18.18853838900211,6.845791879588509,993.0237212400176,0.0822013992057428,True
1.9696485249729725,128,475,16.97367480113197,3.733427099767302,536.6007449147025,0.12098088941682102,True
2.071372012186828,256,312,20.714113987575654,2.8781551709680295,647.1656826839694,0.07914002575392491,True
1.3128093721661758,128,427,16.23661470372361,8.686147003019078,792.4929954409866,0.0232378442404816,False
1.7315996602036523,128,360,10.513916841902564,4.8182113288592205,457.11359331908784,0.1740276678205736,True
0.4973236204898272,128,424,15.4265500865947,5.920115498999083,115.72131725110236,0.0578810775301627,True
2.59369082856801,256,179,11.745226747861055,1.228786166615724,954.0422875013536,0.0989613432567141,True
0.3630750014555791,128,168,18.82879146023881,9.88451055667184,710.5240808046118,0.0564933505784351,False
2.261885710790352,256,364,12.441641515380532,3.2875994287509176,462.9065254127162,0.1792128144231627,True
1.5963914582577585,72,409,23.197712103123436,3.7855230399986466,583.9116476020566,0.1453596098293525,False
0.7192278812027331,64,107,22.50247647754376,2.2701591486569614,738.076349912663,0.14392181568690718,False
2.978450516997211,64,199,19.546431156292737,4.483605820521639,641.6661903560238,0.0897342301074919,True
1.2671524213816876,256,293,19.8471490040644,1.7311444295282858,597.7264691558698,0.10996072571493168,True
1.9084676477074323,512,153,20.186969102491904,2.648053819201975,829.1327798665204,0.09429717774836151,True
0.6040913464079232,64,486,14.406428095410796,6.077142493857968,271.67889676893753,0.1750158342133864,True
0.3840280717801594,512,309,23.704707880911972,1.2395094670514388,933.1026878638152,0.07253669212874082,True
1.95060327719446,512,379,20.844151365841704,3.632863856334128,127.95549078073014,0.1839624772478252,True
1.7969355245316316,256,137,14.323040407750582,5.564294943763466,541.3153969500947,0.1591675187457481,False
0.915932030090194,128,130,11.296369486708562,6.738976415337316,750.6235476306418,0.0714511975112208,True
2.9082369670058625,64,308,12.122818036749402,8.116326133715024,215.44909521630927,0.0642763478808773,False
2.4002129060974786,64,421,23.96347216557144,2.134498882246331,837.5326495305598,0.0433687084524792,True
2.2106212348325465,64,222,11.407328085931647,9.445254402664157,600.2564389151487,0.0111558290738422,True
2.6339229613352084,64,494,19.232364395000783,7.837491958128328,782.8962060285446,0.0387585807644692,True
2.1106970498831936,75,416,22.603770015194385,2.2921641852030845,831.8714472295601,0.056166562519742655,True
1.906169379802518,104,473,22.920495630047434,3.8737228435334377,923.7902850596314,0.13532979999427325,True
1.390482131401717,256,338,13.714256307620778,2.969149164190503,249.39501460761272,0.0404729854302975,True
0.7236043727986244,256,477,15.950914007025789,7.676494423557937,748.6010807141255,0.0338224334485312,True
0.8529971496539925,512,315,19.843627061132736,4.060228778527842,653.5509070474169,0.05395004666460698,False
2.2286144566001407,101,450,19.3402165936551,2.7311556244150905,988.1378148561333,0.09259309728055623,True
0.8547583597345799,64,157,22.788730663382974,3.327154381565978,764.7690718062935,0.14464036089239585,True
2.0433535618949485,128,376,22.996411043481345,5.608163140079222,709.2996448292073,0.0158079897960496,True
1.1392950680825895,512,477,20.617269510525574,2.5658911481868873,920.3023259584537,0.09296152149492601,True
2.543387696128317,64,215,18.740373152389473,1.2929563505036281,600.6402781709962,0.04653236034052741,True
2.590000948715476,128,330,22.666035147857983,2.3980897225901523,585.4413862253289,0.1434367377311992,False
1.7646068008451716,256,388,13.798792254485743,2.386554875745832,515.2610717430184,0.1249770173925448,True
1.7788525543047822,512,276,20.784861352798497,6.455820282492988,377.7098478300253,0.0949139996928192,False
1.8323402132273048,512,145,10.020332867469232,9.18514718243894,930.408245671817,0.1334099644623801,True
2.059769740477821,128,140,18.19938468914869,1.841211432139992,896.9714548778774,0.040090873900548,True
1.9584852907555483,129,218,19.769049199539797,4.901964947807453,659.341132343377,0.025459014024215285,True
2.183817920921296,256,178,22.45288844604357,6.669284536551336,375.939168872388,0.1433711714543619,True
2.758175919643252,64,412,13.888230006579796,6.469382006487345,470.40017189052463,0.175916349690851,False
0.178574101043315,256,194,15.679635751061411,2.738419760088819,840.2059818730597,0.195637363187124,True
2.892264387875118,72,201,19.680337772037202,4.164938489291934,634.4358361519561,0.09226254955815781,True
0.42553243896886705,512,308,23.62207663773418,1.2435492060021296,930.115653199786,0.07162167064576967,True
2.7137873681857716,256,302,24.161219983272794,4.475660742226218,594.6270697005293,0.13627069053584434,True
0.1369462365071512,128,138,19.02080478972679,7.541772094160257,531.5870125956055,0.0270445107735299,False
2.619968747582423,512,246,12.027745812571451,5.228192986106794,850.940077290767,0.0458957626994336,True
1.8716875088749156,64,263,16.854082748473736,2.2443880948918395,898.451819465132,0.1320901840028627,True
2.9900905615589304,256,173,14.035783431132444,6.194100429229979,667.4124675181819,0.1593936383851428,False
0.337741171235811,512,132,19.328716319258174,4.2173479314269455,967.4585664344736,0.0547931042009088,False
0.4173555241161362,128,126,21.70628012341244,4.012564768754741,584.3923106726519,0.11007031842788667,True
2.414720330524316,64,108,17.33701047573861,5.415827494066542,737.8493533737259,0.0749248405547433,False
2.1420979334005694,64,222,13.60127052904966,8.591312522129627,353.4168572699772,0.0711861191353425,False
1.570172734123099,256,143,22.51207990785377,3.0556806541069474,967.9039913899052,0.0529066336751664,True
1.8057702930453947,256,243,16.659823215130455,8.846179939221965,568.4744015282472,0.1140498237622337,False
1.9793167120507658,256,320,19.266420637855013,3.0773140299769484,553.1986895004408,0.09455898245606353,True
1.8587638646934888,64,213,14.080038605964845,6.387734609468752,902.8271038688029,0.1828914620217958,False
2.4090776934979905,128,464,22.57823810537189,8.18445696891675,458.3889677061956,0.1702939287404145,False
1.0571248398289632,64,486,10.83624397705492,2.088997907608598,238.97344990599316,0.0483682507689545,True
1.7710430713763188,128,231,17.853123907856226,9.926009905012238,313.8527801751783,0.185527169209284,False
1.7327800976434724,64,381,22.761677354989907,1.8640625185553743,666.5592899373847,0.0455057207366565,False
2.280869469366405,128,392,19.64160492427439,7.400165662027809,327.3049641425729,0.0529978143687345,True
1.7633080825865948,64,144,19.73843169311445,8.294648379277348,880.1097383352177,0.0248260554242325,False
1.4611857564568078,128,448,13.89325649909624,8.116957573588307,777.6485989152735,0.1974038518100364,True
0.3663297420300804,128,314,16.323313723270513,6.991438917314264,758.2185745996402,0.1662064497290195,True
1.5506225443476718,128,382,22.533979413424177,3.7265888700074825,525.0175113361904,0.15077252688812726,True
2.890183302640651,256,270,11.66492220882716,4.066001387395701,843.7588963701701,0.0193210898076422,False
2.6426087035012067,128,439,19.61058496670956,3.7116580654892424,572.517547562907,0.16272937811036303,True
2.0360098700176943,128,312,17.18455842180207,4.36040703583156,148.9295605961654,0.1705386079835672,False
2.0134090778391203,128,174,20.274789300028228,1.6506291864202463,937.7949660676329,0.09675135288324996,True
0.5640742038462484,128,288,24.20263827501274,7.307361663748114,330.4400377385151,0.1874254231933836,True
1.2111154112003395,256,166,22.054097692612054,3.02038297659529,893.5337179391335,0.13608249514415238,True
2.194489471021087,256,120,24.774369544387465,6.063693362806495,475.7271004703496,0.166991155443179,False
1.280947746921755,512,307,22.12313779576355,1.8661697893407418,947.4633004740955,0.05241983651042717,True
2.3357773586886452,128,130,18.24632160022042,1.8471362815181127,939.0188699661074,0.052185670236739035,True
0.5141814997330351,77,265,17.787518693888412,4.064134541976151,643.6849710291654,0.1502323801031575,True
2.316037428929971,128,426,17.055573510772998,4.052177339362324,982.7590314015088,0.1395558592643857,False
1.6965848437867337,512,205,15.764428709372325,3.840930247125713,854.6261276998927,0.10080583466359405,True
0.7577702556531571,245,424,23.59082438236276,3.353776763666431,939.5259561253233,0.09793836791371999,True
2.715183370560309,123,130,18.59383439090084,1.9624214639978723,987.4012653194641,0.07317280816187864,True
1.2330632257966374,512,277,16.45740375147265,9.9507317354473,505.0256608168186,0.0249813158084188,False
0.7696883511040913,256,262,22.54828586754421,2.297510342362445,194.0256872343426,0.1912848145809393,False
0.7120455010876863,71,181,18.44286175223231,3.9665944594557185,791.3756982193618,0.17035945126450958,True
2.6598126457214004,128,339,21.161900285715557,6.974185528384015,515.0276000926299,0.1259782535445085,True
2.3371354544191965,89,457,20.678699094948207,4.246941848443871,945.5068073883419,0.15026529247383114,True
1.2998351291233774,512,228,18.177240766765888,4.859292185820234,619.9295709049488,0.08061905509266984,False
0.2503922549681499,128,428,10.023691316168678,6.028362951364869,715.805839799223,0.1083459907084367,False
2.478202890757585,256,386,23.198943454575605,6.057832074637413,246.3884683859089,0.0267110715900585,True
1.6652548479068587,512,265,16.093736439653572,5.609899151292562,989.1777888796332,0.1953332750721784,True
1.9949547104279857,64,287,10.334086826008358,5.182523227726043,512.7443917051077,0.1072432155133385,True
1.6813218929413198,512,283,23.90482712226693,9.82372924209526,562.6781873913463,0.1368409641417265,True
2.950564418145666,128,317,21.188383975982237,8.507128899225213,361.7775416167287,0.1412023260419574,True
2.126568755694205,128,203,21.00973030034968,3.897313715247459,667.5826026258521,0.05360046589183709,False
2.340789223107629,85,306,22.481168193685264,3.2388987516340966,830.9327470319087,0.13877115820937333,True
1.2683312574255716,154,406,15.630270002203641,3.8568118952820365,931.6650108834579,0.13650346435066338,True
2.1416945365174396,79,463,17.653540479048885,3.9104396415811618,756.2871197575263,0.14318776311366005,False
0.2518938150885469,256,452,22.065833998585056,2.0201600917663747,932.583717192517,0.05561274153728481,True
1.023743482878469,512,378,17.21782227212654,1.3286834144323647,330.5357966563739,0.0924723996275495,True
1.2897932321704444,256,294,23.225117654303084,9.229963327786423,773.7259123031796,0.1786647540329388,True
1.935257725981519,64,325,21.50899084586506,4.797673446491331,556.3702654202854,0.050738293968385945,False
1.2378655225458712,64,160,16.35080123601193,3.304795836145814,672.8236376950873,0.1715400865043776,False
2.9276212647301616,64,424,24.070807803308945,7.632966805543202,143.69538448797684,0.0460231431335716,False
1.8212821082663424,512,447,24.17450595460114,4.859551137676516,311.00396392723553,0.0939731806998861,False
2.9510367757902407,128,475,21.6483620767783,4.312770738995928,184.1085214019901,0.0815803616128813,True
0.3567254292049449,119,144,21.06226702294711,3.7583242534762586,604.7993081365033,0.10417316566173704,True
1.486675111804472,73,417,22.538411723410547,3.8171464908190638,579.363857297485,0.1359166600538277,True
0.6121069038866965,64,267,11.663803463122097,8.87688824003223,785.2497985944526,0.1351382767029879,True
2.155907353162403,96,182,21.316962265459743,2.1466930164682383,913.4930289761891,0.10827469251889918,True
1.635080756690815,256,116,13.604684654450116,7.935782743132858,404.8671366581336,0.1268039038607232,False
1.6311529029836453,132,364,16.227089802082986,4.746715937655703,789.7043424906811,0.11420564709809505,False
1.6765502430570203,128,151,23.928021126047604,4.1042388267591186,546.2189892787824,0.05293325342675798,True
0.6209777353152803,128,296,21.292134917665148,8.091468286056102,386.4836801212989,0.1193924314487311,True
2.4010695234670845,256,422,16.701547517023783,9.772105697264044,154.19832800071265,0.0191204374997245,True
0.9753120462950968,64,322,12.334719891423862,4.362711868834518,617.5777252466038,0.0964329275248901,False
1.0502075089559493,512,141,19.718011480744362,3.5055313002753152,904.7153275290539,0.07271176988012015,True
0.2954367676327738,256,393,18.071151771629168,3.080523718386177,770.9159499991591,0.12913596947209616,False
2.97542985404809,128,162,18.505184881302583,5.5502724806595785,371.6552082227639,0.185575567477245,True
1.9183313790015246,512,424,23.86434966251351,4.721270101779224,557.6236387284725,0.03646055930670897,False
0.0279948594812798,256,249,21.366024167534405,8.456000846989468,612.1392849960996,0.1835050747773059,True
2.0864016200695863,128,218,22.837343606858557,5.503002901084201,327.18807469183594,0.0229059047295979,True
2.198002966702782,512,290,20.085042226210717,1.9144820090636423,792.4372244640563,0.022211697506762017,True
0.3851828683623757,128,125,21.72530646649596,4.046739712541521,584.3749345159627,0.1100816442029385,False
2.198404634298752,64,212,15.106616201491276,7.047494972637852,444.329941303828,0.093102816073668,True
1.207377860680167,512,348,18.327709499399578,4.045410317655219,807.9276629849176,0.12307926279705128,True
1.0356694284050765,64,185,19.66039655667916,9.29290266122008,729.6030635064699,0.176076475380213,True
0.5756019741562287,64,167,22.085130685640564,4.853110310365372,262.0162405457261,0.0888052282187778,True
1.7366652352797813,114,288,18.167551704531547,3.9336918243713983,776.1477665043129,0.1221227281790381,True
0.23421980622328722,256,445,21.716333150024038,2.0755352253001935,919.0194833711291,0.06390860222999512,True
0.7447580648503613,133,231,23.5059528438602,3.3860065923464124,956.1236159686118,0.08312871341951268,False
0.619696648586804,203,200,21.887845920547186,2.573242083988884,907.7654881995896,0.09839992876346862,True
2.6762540668207038,128,482,21.66520564412339,8.152125179597265,497.66327845647135,0.1152175468938571,True
2.166212814608211,512,153,12.52390666507006,5.062669033902121,344.0353250594976,0.0820502621847705,False
1.5184255885207325,128,123,15.982322903860862,6.935010928440744,455.72868979202593,0.0527051875073176,True
2.058981590058292,256,220,15.87911784682656,7.198907643632364,203.647520714073,0.1611364330181955,False
0.725681484776517,128,396,16.099087795691435,3.046419587749112,804.788808625135,0.1173902457918752,False
0.43635760499605003,233,307,15.864107479885325,1.4512170996106681,692.7364098396893,0.0205055936872951,True
1.5371810507065107,128,368,21.9050122358967,2.2332778430911286,831.9741354480802,0.10810400919016239,True
2.612260351011777,128,203,21.243991616811435,3.507111578850935,247.73296650310184,0.0404182661549144,True
1.2845988447768444,256,318,15.986640258620938,9.480103475420496,218.78469821116647,0.1165352304387504,False
2.464910693131415,128,171,23.678087272675118,1.652923116879867,683.3042598562258,0.1163541136565652,False
2.3422847582053192,128,321,15.046917438658184,2.0157234844932743,699.2644281401153,0.1383915984811948,False
2.082451720529493,256,170,10.270568642569668,4.893411933612345,616.2261462584102,0.1696016147955598,False
1.2129563043128764,256,248,24.740200730836516,1.4669386983459298,545.156213599029,0.1013179393871623,False
0.4060622468330566,256,373,13.603938767483973,4.065895695585693,752.0866066548832,0.064911203599548,False
2.3643955158752332,101,235,17.555850902548,3.19666300016622,919.9539822508636,0.08032204105168933,True
1.8036420759016887,95,416,17.912482906398832,3.1371601759968493,899.2412909712302,0.16932832476769444,True
0.5330510661508612,256,184,17.61332222638704,2.8633671424386926,822.9980921491732,0.19086991338317638,True
2.150846486253975,82,373,18.24241130188914,2.76052185521884,950.0923337978578,0.09646856968522576,True
0.3357588581931836,256,438,16.110734186787106,7.144545680157805,396.1696752010288,0.1531193123332055,True
2.453502648525065,256,365,15.879516104116943,4.073734678792274,558.1749760209564,0.0903768740256151,True
0.5838675354622952,256,240,14.070822823551472,5.656893038316668,541.3222316486687,0.1987433612854471,False
1.4063038963935175,512,179,12.282619028228767,1.1883882654286615,301.9301449231417,0.0852818274515383,False
0.0378225599272771,256,341,21.209737383593293,4.472312695833605,205.39650835475,0.0345823769028328,True
1.5821988663680289,512,485,18.143895836496768,1.6255789430372762,963.7974835896866,0.0391981181805879,False
2.4826136867006228,512,169,16.585622332317218,9.34805213937138,790.7462501583765,0.0305553770272073,False
0.1444285079350603,64,235,22.254365310913933,2.8934789904471163,506.82571611821686,0.1364398633760869,False
2.053036025332884,64,173,19.86143377203242,2.2956535055807548,574.1615162376211,0.07257187763938756,True
1.794976353366844,128,473,17.13815812334729,4.908505267137294,591.1317591216713,0.056171915773370204,True
0.1756527877319376,128,436,21.86274516449769,8.49348111734547,636.1125722408037,0.1574442139036465,True
0.5259088270729789,64,295,10.560294046533324,2.8544370419160097,478.7590495480014,0.093601200533877,False
2.447840816905852,64,179,17.201352133600697,1.9740398208899372,621.5035773238208,0.0865767428975901,False
1.5055341839917213,256,380,22.43998618308558,1.9738673570214669,851.1352181143709,0.040426834389082074,True
1.5650068880508758,64,454,18.75658472648717,4.065232461965417,923.9479556595471,0.1620514965212109,True
0.4259159692829817,128,116,11.516328912613224,7.440065445990092,715.0026531521925,0.1230074808102586,False
0.8784661101028942,128,188,16.062226476655844,4.238943379790993,428.0877730799979,0.1269466255003582,False
0.6098971335726397,128,433,21.60963933396201,1.8364296966902562,742.9317495930825,0.06690275394192349,True
1.872706380747899,95,329,18.896217594855674,3.1310788080433563,814.2490486896226,0.10062716615876324,False
2.2898028236067676,64,470,22.94220341553382,4.153871554310097,895.1835856081191,0.14195954833095736,True
1.557179372724811,64,295,19.135434170603737,8.476206446782125,657.9696623165505,0.0347623892720415,True
0.5391631748653976,512,143,18.762340297758364,4.192241162277971,951.7975285579475,0.06264978568208143,True
2.94389127149174,512,393,12.549847195264558,2.5676576926121504,241.8502141565813,0.0876746391139479,False
0.5314493683421577,64,187,18.47548787463925,4.251397495653906,777.225781842184,0.187815545473247,True
0.2418045412713739,512,359,22.545763534468385,7.016397588850636,328.63185860275746,0.1965566863069951,False
0.9217045624012441,512,110,24.125800440794272,2.540540795745114,819.9394189324427,0.02798254339962265,True
2.251095310756882,128,383,23.270508055682185,4.1496960827477185,509.2493828100626,0.1408631421175691,True
1.7725192535724434,64,173,16.259362763387326,2.0256355487594497,775.8424057424687,0.13613389861437006,True
1.689082852075256,110,454,18.93624692156043,4.615291878703292,589.8846537522489,0.07894961063643488,True
2.685353222119609,128,380,14.80279329106083,2.078422828383405,582.9660138716235,0.1738376148450158,False
1.0929382538258294,128,384,20.06301978209727,2.1395013794040922,826.9392351301597,0.11107754098399267,True
0.5586402065523783,256,410,21.87228848400415,3.2914861635877783,934.1938697128566,0.07265131899614326,True
1.3794012713079606,512,190,18.837345660906823,5.801692878828854,164.5114417078012,0.1632469001047766,True
0.6582218170540153,256,421,17.58497552693339,3.8318699203190554,741.5834718492615,0.10708070802278849,False
1.3565970848503055,64,427,20.61303156618165,2.9236623585500974,572.0044550250268,0.1167516240786067,True
1.3458318928636277,64,492,15.127984026435255,8.404628374390882,726.8923578571336,0.0738606129520172,True
0.7778902765973212,512,365,11.913522270464265,6.79311312361448,148.07238692459373,0.1235981379088938,True
1.5277953602001464,238,171,15.683674127142428,1.6013502204612449,726.5587169836797,0.14022934884532273,True
2.2535341434252545,64,180,19.767654411154275,5.78760128904859,326.9280345981871,0.1207610603792588,False
2.606305461639854,124,387,23.618039300940644,4.345292653632302,506.6855387492924,0.1366150332745158,False
2.4179776493254743,256,195,18.56487356988968,9.951032265487658,194.17402623486305,0.0873930020710425,False
1.5366657624380236,128,415,21.44489404434541,2.422831035545639,141.4406440404087,0.0155063121474954,True
0.0540196668013635,128,382,21.90764939301792,9.69489885458334,556.5137996868013,0.0982585843142265,False
1.0804226850352074,256,218,20.590909796659997,3.677035987428141,976.6557293346413,0.06891759339513578,True
2.5258652764071083,107,211,20.249608784997484,2.8102027771097333,603.6977651542843,0.10301107730464655,True
0.6379331291132884,512,480,21.988571413051872,3.6645745664132727,720.5265094660875,0.1080838917892136,True
1.2912822309629706,512,249,17.317342560728214,4.952894598386871,634.4846252047514,0.0641802156069128,False
2.79722160014476,199,361,22.688636152140862,4.066633969004939,577.0597262257347,0.16636409895492874,True
2.719312360033233,64,318,15.116414748811026,5.489855390384929,111.9081512742564,0.1781699471671989,False
0.2137701832957758,256,372,12.962103755285243,4.895214051036858,121.70065539375804,0.0931469694602865,False
0.473864468506044,256,388,24.95697841237549,1.47377901364445,189.54184029613532,0.0613181929338926,False
0.2405400422457103,128,172,24.410921323423644,9.589613588479594,550.844822574905,0.019059797407455,True
1.3556876016427695,64,448,17.594021177255023,3.9818730573886216,924.9020044436403,0.16326476134287635,True
0.6456056160517125,256,469,11.8394207496701,9.498066214278303,326.4390727883427,0.0503587991794108,True
2.3513753534561914,64,478,23.12409108404007,4.378396185093878,920.363795350466,0.1574935161634756,True
2.917827425850827,512,288,23.733315563292905,1.5998867450082612,657.1909264344886,0.08660994564512457,True
0.0628348830927384,128,247,24.774254745424663,8.922231950280073,681.6272658914714,0.0393102115023785,False
1.9119588056205412,64,402,21.401617047760617,2.4756186551582084,685.2529776364107,0.07581757531519713,False
0.7703297031615238,256,333,19.92817582067037,6.999724651701178,816.9910614920286,0.1505435955450854,False
1.2817468595457266,217,290,20.487170895204052,2.1258239986654566,603.2990750979739,0.10942917433658596,True
2.087517879700252,68,401,16.970558956215708,2.3724629031732296,974.0744903784679,0.08322846498336378,True
2.7073599218575253,128,209,10.196148012619222,1.5064748930011669,374.8694778743634,0.0304247410507915,True
0.1534061443263021,256,359,23.30659768778005,8.22750596102061,852.3860041841273,0.1457914294438038,False
0.6391663986132028,138,162,20.554747035594115,1.3717207110906016,827.3484336361014,0.15109969478031787,True
0.7304468897288978,512,189,16.5529005483569,5.808223996483448,265.8245270449901,0.0562353378631233,True
0.6112993773830673,64,220,22.749813897535155,8.573641516559109,482.1148916563213,0.1311490226397901,True
0.0156888406287382,64,205,24.714794541980247,5.993802252992413,262.53658711425123,0.0603057630115033,False
1.9085320941246984,128,413,17.201893435213137,9.615822518722355,672.8772784725852,0.1603465716989496,True
1.9082881392286264,512,392,17.276978615715024,3.4340156692428376,442.6259821096096,0.0862561208053184,True
1.0027149560881825,128,222,22.04509045688502,4.616557171209287,973.8777968740542,0.1336111474627634,True
1.0402604964512412,119,400,23.38353128353954,3.7877859187571707,603.3652227929952,0.11609790888684636,False
2.9035801045350915,512,379,15.072099827257126,9.037012261568474,899.9958466754493,0.1084133407130639,False
1.2526259535724316,199,155,22.683172210018203,2.3762594666930656,792.6697852501184,0.1626169383402513,True
1.899454126782067,512,452,23.22854927145189,1.9428628280629607,601.0918479077416,0.061872279152606,True
2.3310914967632836,68,375,21.355175320764094,3.7238703273137936,709.6268886460555,0.08734093186459801,True
1.1618370883790607,512,336,20.52123183939233,1.3311076273127753,858.9005369247479,0.06523112262130538,True
1.1393573405376896,256,492,17.59684565554771,5.697414676581193,370.8570487704293,0.1459368215183651,False
0.0546977480290848,256,156,20.729006237638664,9.712188651048656,196.0806974449718,0.18280829012456,False
2.636936700846802,512,444,21.880668865734417,6.951100449356792,141.8464357221739,0.159014296630689,False
1.4796267356828103,66,309,21.565034965354446,3.566355295987413,633.8496394355083,0.1069562855584567,True
2.718429764297299,64,347,14.77281219184583,7.931181627360274,622.4673490087331,0.1720988438941114,False
0.8465612240796004,64,100,21.904486213833717,4.5751791832015165,526.0914129103242,0.1372013418133269,False
1.361959718263625,180,396,21.30549092054918,1.6659206090405134,783.9591682598863,0.02002067473131197,True
2.2464790108899195,256,295,24.46081195197234,8.517758147726052,863.7151686238416,0.1537714369224464,True
1.0498474533304163,167,418,18.16258666431009,3.5500939773942277,949.1475051129067,0.14267082470996828,True
1.4813004763244013,64,366,21.849318274225208,2.6465801565885565,855.7118731575713,0.1196216810957616,True
1.2330854094201142,512,177,16.450830177869115,2.807458751574288,284.5495840769522,0.1592673732635423,True
1.830675448432924,128,122,17.705557984338334,3.3278487594337047,135.00623102214354,0.0684806235541057,True
1.6446262815431778,142,163,24.07638201927289,3.849743980854998,544.5337121869728,0.0574007845956026,True
2.3588345981520997,128,176,17.03228437022862,5.437261940689353,345.40934715503334,0.1877252312949031,True
1.4386054588599224,64,312,20.896773794814397,4.147492673233009,598.4742946237972,0.03318726009769543,True
2.0084608655945706,256,126,14.71164728634056,7.4934025581850525,473.00314153193153,0.1500899020244884,True
1.7041572433146572,256,257,21.74421415702093,3.6710132665019275,702.1683357535608,0.07472195455447049,False
2.0404045980184717,64,392,21.151757571559546,3.474531885246888,662.8317175150052,0.09629500042191518,True
2.244219538288596,128,406,10.543108922310774,1.2822541192412955,284.0098432774572,0.1571645622200014,False
1.3868866830018216,256,130,19.76204035215069,8.224112464353272,178.704175931998,0.0381410757289143,False
1.11650107151254,64,318,13.624036930600598,8.060550420665955,831.0664498811329,0.1411392663539523,False
0.5581375122242322,256,453,21.11903198820904,2.6576456342822543,909.170060352892,0.044206355057867866,True
0.5047097088499061,512,454,19.5122851313131,2.8951558886285493,784.4776666893745,0.08814649440363209,True
0.1808021708686825,128,425,16.07822684948918,6.250798136647016,972.3165467832096,0.0478133614828475,False
1.172717987716544,256,352,22.38296235020124,4.559320252284912,257.68212663163604,0.076507391263331,True
0.22900576848674492,254,200,20.101177050299857,2.3280898233738245,951.4004088230396,0.1358683226389987,True
1.1035500101573632,512,363,17.079649552707163,4.884508062088213,795.5397770345276,0.13868857156223957,True
1.6485886076850509,128,369,20.110110346940665,2.065186911939288,994.2719036436478,0.1603992683146683,True
1.3917974600650087,256,415,11.8737971611095,8.957866166463868,559.0174417552284,0.1707147121789186,False
0.07852373186197817,256,381,18.637466859883283,2.5633527303256587,799.5277498425705,0.13698952875607265,True
1.141260022522687,512,212,22.10816494638126,5.738675029599124,503.7519275467048,0.0595135984106374,True
1.6144492479088144,128,419,20.32293309683693,4.237303664918937,551.7406906542825,0.10953090106843336,True
2.0557852327924726,256,333,18.59489052642322,2.943710683168732,813.6507635123206,0.08826478662841525,True
0.0911611790905105,64,227,23.000370225990924,3.240360889431344,326.9800455552216,0.1314906816335485,True
1.2825231942325388,171,400,21.254986222393402,1.6617934879615253,781.4278162752034,0.01991437227194973,True
2.3526523945726705,128,363,21.955875589522012,3.6270196377233956,923.048047059488,0.12393021983951494,True
2.4192108516985185,128,237,20.338660299430344,8.765913556893025,158.62105129956495,0.1907780991517057,False
0.3206307692842315,128,389,19.68638766907049,5.730214366560176,543.9191463401025,0.0793506641609064,True
0.2082715282382801,512,448,20.195886940026373,1.175703136281947,328.5216322030253,0.1269974997925539,False
1.9165395085064418,512,254,18.800594892317452,1.550797396418257,565.6589142773239,0.09172743765192626,False
2.687833038631158,256,397,22.204992536930995,3.221486439789832,550.8254509585877,0.1461715990107369,True
0.4563128496668186,512,111,21.749753353290423,1.2730532213648642,171.654626194694,0.1184064098307706,False
2.002780156690754,256,434,14.404485876398113,5.070470610602251,702.398060832465,0.0279902211983053,False
2.554274873235287,128,426,23.722867088811395,2.514077588833148,102.40135120835764,0.0919055888318631,False
1.1458189189586876,128,179,10.484848979891355,9.4519829865942,557.5124574166089,0.049311550021672,True
2.4878603979502665,512,467,20.257645459680425,3.239346838043999,176.17834649102622,0.1378153800324863,False
2.417372062578188,256,365,18.923677600632743,3.0869446116855137,674.4049639598541,0.07090609075164361,True
1.9628776569748856,512,141,16.28631630506449,9.85774052546707,725.3100987389063,0.0603673663662154,True
2.212071232163399,512,338,18.32739594685232,7.466025531721745,111.94168677478751,0.1475570103971487,False
1.9536989311244763,64,328,17.049676519866917,8.617916586765762,546.1604157722144,0.1617139613700469,True
1.3330510444733092,512,237,20.775892233535217,1.9127244760421092,921.1494103161084,0.10222839890215388,True
1.6836683648475748,512,241,24.434544747614147,6.047311075997654,266.7412199373288,0.1826080677094748,True
2.081872861466292,107,169,20.92775756853939,2.490284306945433,930.3432521631562,0.12896164032543744,True
1.457966819929008,256,186,24.031795917011717,3.598266402000878,744.699024726249,0.1566439168846982,False
0.8577203677174804,256,440,18.58081958772072,6.0123259215118585,164.68772833776202,0.1209091275304237,True
1.6048343522153445,512,282,18.39943152090616,3.2153456335651636,640.4465916908032,0.06053782750175365,False
2.8016250525837147,256,122,16.940317475317407,6.915869426406452,982.8159024611168,0.0602497099320294,True
2.52434265925428,512,186,10.786085296917982,2.518314785233711,840.5032283795513,0.1732427486982874,True
1.3272680807460289,256,287,20.256801796984547,1.8622628697709143,600.4706167739066,0.10685572134017093,True
0.6545696831259236,64,148,18.702422608659372,3.390414430252134,891.5939399063717,0.07329156122127588,True
2.120331650656337,256,285,10.237803180603503,2.9317416661398576,184.51896834792709,0.0586177483485072,True
1.5016363981307401,128,119,18.439522933736452,1.2813627331652575,649.8964337134385,0.13146969477303921,True
2.5750250303973625,128,374,17.250881000231896,6.7807806021191634,823.5491776984469,0.0235662282065123,False
2.3498497290687563,121,325,22.11816119545844,2.586615642942668,590.4729081770395,0.14635661776965272,False
0.5534287594009181,256,356,12.453185302362089,9.788517762814111,492.6480900756098,0.1780976556297673,True
0.6979560972045983,109,161,22.108374066605,2.099658420402721,807.5661097120098,0.15266380820371994,True
1.7809823736256152,256,365,15.922011526944296,9.25710599701912,510.33198188747537,0.1059985241476729,False
2.0510015049273065,161,311,16.41038366216566,1.943878135679887,671.705156633771,0.13090630000071476,True
0.9737574897008108,256,255,24.009270078740776,4.207478306707253,704.4994514885234,0.1216011360239036,False
0.24357711505055546,69,126,17.839328700723463,4.2252717615677895,903.8582241506496,0.08406594114450396,True
1.9829723660382412,64,424,21.859884645850094,3.1717014604040816,774.2321076724542,0.07775535651334795,False
0.2382581069669598,256,181,14.384545698322562,7.186369759280178,682.8270299216266,0.1487946477591744,True
1.7576144909018532,512,447,19.56331693643603,2.439018918606517,588.2452099098604,0.11459680984413013,True
1.1891266106228078,87,429,21.06753277017421,2.701394082268903,576.6701675712336,0.09079563349298304,True
1.9037472526509116,128,484,16.358958025444995,3.6738659725577296,539.8355515524418,0.1195471530502953,True
1.3642195669015773,128,324,12.43773467135673,3.587981107788324,454.54983822152616,0.0971455559972176,True
2.24794042884765,512,441,20.53647888185655,2.3026672290803054,547.0025708401217,0.08712055292018064,False
0.2900293489401588,64,370,24.97333675913576,7.179278519029896,872.4784964563432,0.1438333549183015,False
1.1240753269822905,100,468,20.08780980210141,3.2883264230699605,716.8101326342548,0.1722487352960414,True
1.8237058514502853,512,420,23.55251495012357,4.607436138705284,562.1014210849934,0.04290923281473717,False
2.699500037061817,128,250,20.563886117536292,8.59228251034186,233.5130766270753,0.1198784495994102,True
2.0868544394904207,64,186,10.06756721470433,2.083063962187468,454.49617144745525,0.0775532661887816,True
2.584109989090308,256,234,17.371108951490026,9.399793423135048,911.9748611101406,0.1898354600666099,True
2.471371152663884,512,432,24.676665882303546,9.220716443476288,729.2596883154156,0.0281732339156412,False
2.618261518698384,512,222,15.875133948033234,2.551514215021441,618.864211439774,0.0716089415331089,False
0.6055603563688451,512,471,10.205997821238672,5.326511108220759,257.22966720140323,0.0215069402484003,False
0.1999561216820699,64,333,21.22350574740264,8.32870885304429,109.94243069149984,0.180990766742221,False
1.6438784669210789,64,147,13.139827240705255,4.281759919124047,302.0255824857425,0.1310219474239519,False
2.4289437207916813,64,468,17.780430678071518,4.31174057272982,757.563644870267,0.1584124308891824,False
0.0303935520832301,64,499,24.29986397330708,9.375962535704176,832.4433100888339,0.0569954875172353,True
0.9508424071380563,193,420,20.00258968506202,3.483548574438969,945.8861005611884,0.12750791919515983,True
1.303787882576135,128,407,13.031247475118857,5.406288366187426,899.2079614023742,0.0348640699292419,True
0.1258536702949088,256,313,14.65865523326181,8.163218281781408,502.2876611272761,0.05365452822255,True
0.57902233608284,114,160,15.773768389097665,3.730085236642341,529.9534457528118,0.08665903731479667,True
1.6959907637148297,256,346,12.454360003153509,7.244926198374901,865.7223414845615,0.0764995293429474,False
0.9367715744403119,512,466,21.435450533175434,2.8881742743849763,933.95123471908,0.1286363963558942,True
0.7469801373805376,64,174,24.030726049042297,4.031260569808579,771.1141499752093,0.14495816620574326,True
1.2484619945392843,256,304,19.78727092609236,9.97453226283152,218.9290403528745,0.1480555240244422,False
0.1558697326628052,256,140,18.07205601566327,8.001859833896088,221.7050658596475,0.0414116424563029,True
2.173016451386224,512,255,17.179673058257872,4.27202339813468,545.2815156272238,0.0863816096136636,False
2.5452204767520166,256,290,24.334067712315683,4.626985683263203,586.0486471435047,0.13442700030276142,True
2.2035446691220018,128,467,17.573548485034596,3.585896791019209,548.4229557011811,0.1418179672364117,True
1.2926625709854178,512,113,15.10324357683002,9.153762971583344,849.4975281046142,0.0826018242568085,False
2.670774159053406,64,211,18.815351913397283,1.1284928351724912,598.7743269538583,0.0394803579982864,True
2.567088281512618,128,480,12.505835042031784,9.39288813477382,784.9543455707285,0.198425703469613,True
0.2543760481374096,128,244,23.659645237518184,4.158298854691116,386.80763835957913,0.1405216531532802,True
2.2645944328624705,234,442,20.529360428495785,3.5558684459700514,708.112453219885,0.17884356332597612,False
0.6502194002723269,64,283,18.46292187698118,5.917789111240925,289.521271454449,0.0325855100636572,False
1.590906399747475,64,300,12.003146342583268,6.280583746507767,444.09354810421627,0.168791026592684,True
1.7725735830739757,85,329,19.35597241589861,2.5353813265304246,928.2808723323908,0.06872292041265483,True
2.4201486501538354,128,130,16.03148498731333,1.1591229721293037,668.7481254442093,0.14864161039274662,True
2.914598072703152,256,272,23.912755235617368,9.232766482828625,339.2194797358053,0.0622830651114908,False
1.558157578511812,512,208,14.859689120651494,2.604356033398961,382.0720283683031,0.1521302731267421,False
2.613613446789156,128,131,14.996306970077155,6.255008410348436,968.6266306639176,0.0668347561699364,False
2.197677026271839,78,364,22.194802003151366,3.633655709819168,677.5867549582882,0.08197204753069307,True
1.2710627537791395,512,455,17.53231720261825,2.291382089689958,931.7093798222078,0.06284841156701895,True
0.8304429233739173,64,199,10.130036347676963,2.3796654446384866,783.0210239983268,0.1040908866075937,False
0.27048074983201037,64,280,17.97769898008,4.052668007388297,618.877457244373,0.16735001184559248,False
2.066655906150272,128,327,10.295886196947633,8.485823267220223,769.9732426320106,0.1821612327748649,False
1.8747376998028784,256,175,23.017912770242035,3.24580946196349,750.998871082277,0.1419796659665337,False
1.5606930656815337,256,315,22.74056195718027,2.812485308429639,760.5350676106257,0.06557248358919156,True
0.1152790468869749,512,367,13.59563617363667,4.409983812993447,719.7645720654983,0.1516359585663338,True
1.195989083316939,512,286,15.180159668894952,3.2571850160076643,591.8702120491758,0.1391972469243605,False
2.519583908600161,64,246,24.766629303750523,5.068393989218215,681.1836143776189,0.1480549052317559,False
0.5539624672512589,512,395,17.284791192885628,1.6764122324389874,870.1869170134338,0.061506210691588625,True
0.8258778939508299,176,200,22.830733588225495,2.702617508325572,884.7378140619205,0.07862654652053497,True
0.4004399172478313,64,280,17.813110549523287,5.003249455529036,867.8307849027325,0.0498670507872066,True
0.7409363972159995,64,166,24.788839884550264,4.128398330127858,763.0172882824288,0.165829195150273,False
2.329342339499174,512,409,19.29022373438256,3.393057178245358,475.1643155440622,0.0298258565318565,True
1.0804092224145574,128,208,24.728579834304146,6.891095721012383,907.3426493891718,0.1219321053272558,False
2.278194787253891,128,199,23.947877507508416,6.4195189244999495,854.464705300687,0.0977799063991995,False
2.4866500976478285,64,485,21.936800967647528,7.733864065556148,431.991182493348,0.0732264037493442,True
1.4506369401597743,256,475,12.02861786869752,4.966887229078321,358.3981998348128,0.160146450421218,True
1.2796597091758706,512,478,19.421500086086223,2.326558090055548,915.8393229185706,0.06653608944552492,True
2.2307817485296795,512,132,12.068424136218647,1.6165251331470465,319.8071053086257,0.1305645267637091,True
2.081026234490132,128,374,20.060378842886223,2.0156635675019956,894.3415230690877,0.11667002818074336,True
1.8048354604389936,256,182,14.348210193007894,3.14889304603576,514.3035084424616,0.1673075217218528,False
0.9354483992557788,512,101,22.645554203915548,5.124548947476458,889.4427438395253,0.1660169973844699,False
0.1956137737814761,64,288,21.500578569952225,6.220346391108302,652.506257987122,0.1925401893908995,True
1.233088654183348,130,257,18.162693296316725,3.5941448511652787,821.5541329281947,0.057702175795785404,True
0.7220781354975149,512,336,20.598247034242405,3.7935828576626034,659.246147266446,0.0508942191000892,False
0.39511318421077674,512,316,23.656545593806175,1.3351484457567735,934.0881397103288,0.07741637938579113,True
2.526099883129264,256,385,12.570974684871286,4.587093654400485,334.500369387804,0.1399379549547913,True
2.296538696973329,128,274,10.304204723418712,1.237452562049845,412.8991036829799,0.0490877172306366,False
1.8933281583024133,64,325,21.685332697439815,4.795329892760452,557.2170077901998,0.04222077942937759,False
1.1964683426907017,128,416,15.437645969831854,3.648643965898667,953.9774613053168,0.165126232564106,True
2.3837348361005706,512,194,24.54041867493664,1.8820487338384757,609.6804593671941,0.1493760870577462,False
2.026694273126714,512,161,23.000162885278165,3.7712072835427475,912.2609189748592,0.06588543687902965,True
0.7216076135347258,64,187,18.558711658678718,4.269442574055371,766.6913470503581,0.1801935748720554,True
1.1674615553773795,256,267,20.613122244630773,1.9673913696252157,767.4622149489974,0.02796168329163553,True
2.9540092185735247,64,430,19.89025454648875,6.596421081313742,605.5132504281493,0.169128669919307,False
2.407929929387131,128,127,16.554322916255465,9.72133863672298,914.1904561679468,0.0867970271256874,False
2.2519263150330997,180,452,19.50476382636345,3.3868700270355254,543.4386246532196,0.1371149640685605,True
2.5468938645433283,256,377,18.400503397689544,3.7340753654875587,555.2458592195865,0.11261358524094635,True
2.2123013061644565,64,246,22.11018431800553,5.704243966400833,164.75172331549635,0.0325477734936427,False
1.1400173379980378,512,142,19.76708401940193,3.4158033698897046,896.8062386903105,0.07497050438603647,True
0.9218698947788596,128,412,23.587752881481933,3.6319762413056416,610.2512717316893,0.1304657745949564,False
1.821268736156262,128,328,14.210646136968911,7.1863513024252,133.1000134597809,0.1057092216085645,False
0.0372121088319443,128,104,18.654509657025564,3.0312520695138723,415.09432385610734,0.0866990636914376,True
0.2629282402915156,512,395,23.468471571613783,9.586845234120704,933.5424974732812,0.1806423408846766,True
1.001098021705015,256,230,20.279738470481885,3.777676717767869,978.0732456111851,0.07151088356783758,True
0.2673732963480498,512,322,21.77085122769037,7.961266160404911,129.3617992657422,0.1704294433304883,False
2.2153476277539794,256,474,19.48708303617216,8.307833416171391,380.9075188052841,0.0679981895290841,True
0.4093192576701994,64,150,17.245177833225682,6.38707915142479,578.2526138245939,0.0557526673093776,False
0.5681242678329522,256,284,22.833716948030997,2.8807937707265943,781.5784618712702,0.11027832693323388,False
2.3658448940172194,64,404,13.708076783959498,2.946708462665458,100.97831782443927,0.0114832719528891,False
1.817518119502223,116,470,17.63655219566845,3.703489036955403,548.0079783472738,0.12293152774413439,True
0.190922727859927,64,371,18.445194147574945,6.782786518054297,300.4738932463335,0.1306480357033255,True
1.1038222539062534,256,412,20.32967578396585,5.062807032444733,147.2429655577269,0.0109447722112463,False
0.9605897234487537,512,308,22.688108469723595,1.6425323335546327,942.3619022182672,0.05960496985332944,True
2.0926112096499008,110,318,16.870327063502977,2.465386702740182,681.6606265994254,0.129624755622237,True
2.2179460262961097,128,466,17.631893721076686,3.581671018767525,548.8354685099976,0.1428877894964824,True
1.970340314172882,512,362,15.367199195539143,5.856542655416534,759.7217933772923,0.1500466611958269,False
2.6067149534361547,256,172,18.657574399359945,8.25410539439636,979.1508386621704,0.1651493665382631,True
2.977450506475125,256,276,21.84642660601952,9.883741276053732,915.2887798865804,0.0721895058776407,False
1.11880515256914,64,440,15.229766917331023,3.9149885789857337,903.1588922768326,0.168418492165509,True
1.4576152775589768,64,185,17.923399115907355,8.019644144863538,594.0565672220444,0.1694273847439,True
2.4701605808047122,256,367,16.329177618385813,4.013150588763133,557.6525175778962,0.09434317455514905,True
2.636966404183586,512,256,21.48152056043805,1.5528585993665092,665.2949526263607,0.11744736189432003,True
2.8292275132341227,512,259,11.583975940392117,6.767687227740399,315.6353946688522,0.1626192236190008,True
0.2311748374029935,128,374,15.86129476850506,5.809470078117369,411.8507986291705,0.0117308893376183,True
0.3842872390986001,512,173,11.716572452752722,4.778833346040441,232.6174894150648,0.0396863817078641,False
2.0850188552886095,168,198,17.744276047834276,4.080355148114015,918.1762472315934,0.09329035317736514,True
1.1535339829344378,512,360,12.37955779974398,4.648635647658317,551.4668280307848,0.0262386922826214,True
2.3183928315039863,256,247,18.984215864264275,2.9326521715842877,703.5646902568909,0.043316037898549736,True
2.0660428316503623,101,193,18.709094110619112,3.9459132365851213,541.28589022321,0.15280930237518264,False
2.270254517065905,64,186,15.110281353622025,1.265287169120029,445.1165510929232,0.0127975394536529,True
1.709580274808682,113,410,17.447476410511683,2.8541053799028475,938.344798471023,0.16433387478665318,True
0.8804664696243649,256,140,18.57454926961199,5.045344858909719,819.068412280371,0.1502545281719743,True
1.6949475667470524,113,218,18.891047621674872,4.802179234002421,635.4548118930795,0.051111566360864724,False
0.47136553357730027,128,440,21.895443894602515,1.9293971117395972,730.3629207865702,0.08960450563649804,True
1.2297146690888647,64,156,22.23231648370204,7.097200920410157,783.1957584691833,0.0418481744435262,True
0.6545620770527759,512,459,22.465865157383632,3.7771513520648132,780.7582025290963,0.06565256781839082,True
1.6733502521100747,128,281,19.42816046318292,8.62665521436313,824.5101691735513,0.1727640730031993,False
1.8095398652766905,128,163,18.490042223425014,1.5600974734463298,708.260193513143,0.13792855719655758,True
1.9040138197618244,128,341,12.87754171901516,6.1847279111304445,898.2160519529583,0.0799240791934528,False
1.3182825284658495,228,227,24.578230887903043,2.0483362857082352,545.0043250575037,0.09060228081990271,True
1.1154179264708057,107,405,16.92484189791441,3.231805213048202,812.6825139605803,0.1364248648777551,True
1.163052831103633,512,479,20.52128977753339,2.5280845411597563,918.7011905346121,0.08877654913685815,True
0.1567736378580713,128,381,11.900691028513585,5.771040085317837,931.3204069196833,0.0273687315862413,True
1.686432637198948,115,277,16.91968323693827,2.6369871906459155,688.1743013008718,0.06213537166999679,True
0.0725752916740657,128,437,12.689443528900728,9.039399726403698,162.22000223574042,0.1328218098184806,True
1.8187588132529324,64,202,14.385865357716106,4.365350827361055,566.0607809682147,0.114379264774411,False
0.3415151804298042,256,416,17.67221570182575,2.48655699566603,458.566913947629,0.1195235731421296,False
0.9339230974680108,64,386,16.16723398510208,4.170721189390839,134.58308107515273,0.0285636101092042,True
1.9286793830683044,512,253,18.949741804995327,1.5594048234347881,566.802795655938,0.09322541361853404,False
0.3559413185517071,256,296,18.17356443206464,2.1590101901782512,694.9403452618142,0.0486778682791838,False
0.17218443513279708,256,356,19.325007278245703,2.662961694498946,787.8257882636566,0.13614500348376637,False
2.3009200886388275,128,301,22.190143506857588,4.400032005853474,968.3401803209897,0.09166513829802815,True
2.018899867183297,256,448,15.919901319249186,1.1857909559121396,354.0057365063,0.0579650287258733,False
2.54208712432795,512,424,23.038468913618534,3.5059115332414192,883.884727544047,0.16561775466496717,True
2.569816297288501,114,185,23.271907195639894,3.5729741819939917,909.8151996885783,0.08281283154914751,True
2.230089545051645,512,477,22.45663621754272,2.197008174656713,637.8057047612832,0.14795213093202203,True
1.350784826241202,122,192,16.234657605650433,2.4791908200111283,957.4859316338932,0.03789526490800335,True
0.5011257237028496,128,444,11.379767660062,6.739325659377359,693.4376686775436,0.0473942323974583,True
0.5040426232345903,256,172,21.20006447179956,9.399025551872157,492.2563319854534,0.1429980685649101,True
1.7945482693899584,113,466,17.976879710543653,3.711380074754742,550.1849620612008,0.12383306271964178,True
0.7081513900393919,256,108,20.668987370656797,5.135461973779691,219.69872836717525,0.1148144972701867,False
0.778709920770221,256,312,15.819764584330509,2.194908791685836,735.7065742367612,0.060316390077938015,False
1.832114765216593,512,325,20.804950474708015,2.3970603187089488,808.2532959727598,0.01953476478716791,True
0.9508397633733578,256,499,14.718723198193407,8.58935838539588,269.3322344884681,0.1811171790993704,True
2.8698438632503738,256,419,21.46383511036212,7.890443364320131,366.0392124863906,0.1788694856760813,True
2.414857547179334,65,250,20.311316836360568,1.362819430468791,953.7219628994217,0.037415792484000135,True
1.1171801723294423,111,420,15.329247356475683,3.6874830810286476,946.9404579068146,0.16534086145227386,True
1.9872023608754934,512,250,15.566775385783552,2.864618800537182,606.8870331594864,0.10159772428515634,False
1.517558078855487,256,136,10.027180508038777,2.5057124199383507,670.4338656069503,0.1085248336531057,True
0.3787942246935082,256,327,17.838592303927143,4.567205547707274,989.193693201955,0.0918553042495538,False
1.2568433705624262,128,168,16.116088242873925,3.86163848493656,357.56762201572053,0.1725085899549623,False
0.2975342987616477,256,255,20.253886378328037,4.7188304253717295,561.1899093123836,0.1941998358811658,False
0.7007510347548161,128,429,21.422198639487096,1.7754583923788982,751.1748300916906,0.05201414581792457,True
2.0640663000375103,140,230,19.90986016380058,4.857281524839962,664.2968866471942,0.026545176502765975,True
1.3215420545249614,512,254,17.90113229116332,4.534496193921447,658.0272014038294,0.06456586059245463,True
2.405358441824104,512,197,24.512869614675573,1.8691033630570932,611.634483783844,0.14689349883758346,True
1.1746054241233428,109,181,20.79523763051706,3.7112853301357522,704.3842897415458,0.09918881417837076,True
1.7791330025603525,512,441,24.63175786202427,5.687458574866675,857.7775228656441,0.0986579427543808,False
1.8056447689089663,512,370,16.232400950438716,5.805355964491909,209.3956846578195,0.12159805918159,True
0.1960984726931557,128,445,12.578105538088703,9.527804656601006,217.58394852698348,0.0974810962496542,False
1.984111833211243,512,392,21.10454589848626,6.06260907221785,834.1383430018657,0.0756298380335917,True
2.71876374156311,256,392,19.59934577671856,7.41494614165214,367.58593856084224,0.1771616308892647,True
2.0876973545064077,64,299,21.586164994409263,1.533780053209871,840.4875419206331,0.0845558294258117,False
1.8458321826879303,128,478,16.773843150806677,4.331249717615127,567.1482194605087,0.08580300525918405,True
2.963356560644662,128,175,20.61675967543724,3.6837539008803897,533.385502926917,0.1611828162075826,False
1.5076982293903272,64,428,14.552443476835228,1.3710503259915434,925.7661716946136,0.1795443093419536,False
2.1793851453390145,512,157,20.334999774828525,2.3773833744743915,805.274471933053,0.1011108050170448,True
0.6595256155373255,104,418,22.838682245726705,3.1448766994532678,599.9630321207085,0.09447092725271793,True
1.894165791686128,91,292,19.70140990668159,2.856903067499686,805.0156389071445,0.10526726928504965,True
2.219712362300791,64,435,10.725938229186484,8.402660217985137,457.23867614591376,0.0784782432067428,True
1.1026032668745942,64,255,11.529288243704162,8.669329730200104,300.11771728928306,0.0261442691121273,True
0.7635162524176291,184,200,22.545547500451047,2.6634865785387936,891.7027713129123,0.08460720966550564,True
2.2619334174480663,512,209,23.044002426215606,1.7956889600023536,598.2037036581143,0.13434664034390892,False
1.942424142463809,512,426,23.94374641896353,4.7502535570612014,556.4835430910366,0.0348186517845523,False
2.08765121812037,111,241,20.84799292550137,2.419724693785181,598.2938534378335,0.108753663262548,True
0.4356128878894615,244,259,20.160702854442604,4.725788003638822,560.0930773567424,0.19374097794985887,False
2.489335926587248,104,383,15.834881518244428,2.726246509803176,953.264538588218,0.1126223087067961,True
2.645783274913932,512,480,20.915595550914507,2.4816452190887364,399.051163352797,0.1960765046215396,True
0.750016292118789,512,453,22.114591999172603,3.159428869099062,954.6148804624892,0.1642048686812339,True
1.9776271191475572,512,426,18.989720045540356,2.434985173285613,523.605874790481,0.07135902255957784,True
2.799339994030673,128,158,14.79819365001645,7.887991878410896,634.417713473883,0.0948308024597854,True
2.475148230540186,512,305,20.017093299799257,2.699824445339938,966.4798126818932,0.0256357727934154,False
2.866004059511785,128,396,21.08202074902285,7.729690833348496,555.7342786806357,0.0758616820730066,True
0.3443066156076524,128,243,17.345560477867828,8.399900397769338,463.67247654397846,0.1139416308117389,False
1.1040640800169879,88,292,22.77009257005336,3.454592539222867,504.86310294913164,0.13645428944880011,False
1.607483053419244,256,406,15.27068450137163,1.5660336020723815,632.2871430091095,0.1084023605216543,True
1.4174800650195407,256,128,21.052076600814985,3.021946300945643,388.793259132979,0.0842664113168074,False
1.8388187474835769,64,131,23.43479379374765,8.364836904888445,490.19061084162365,0.023854232266131,False
0.5882931382151788,512,325,16.040674744775504,2.6861537589618427,331.8905591264753,0.1623149749335321,True
1.581124391734955,64,155,24.1323687554499,4.867633080368007,333.3029384306424,0.0970357110383887,True
0.7075909896051864,512,361,19.23468967411302,3.8861709529602546,628.2607456715788,0.05517226402696465,True
1.8668460203487318,512,321,20.736614526872774,2.3512524726908253,806.7519848823074,0.01978886763300483,True
1.8623079186015308,237,371,21.623605731576948,1.6919161775731977,799.9034385487297,0.020690243860653226,True
0.9374785559410491,103,226,18.48696976234918,3.7998187424835073,662.3206062529284,0.11069955233226451,True
2.3186949189341655,123,429,17.511939440788698,4.076709717348136,978.0667717869991,0.14090481069679436,True
2.283364611129474,256,180,11.80376479856102,8.588601285875564,156.58820390303887,0.0201327129592817,True
2.9523309571094933,256,278,17.458036053348295,9.995467153768494,966.6585582177968,0.0129660182289685,True
0.16693001461255416,256,234,20.38395690608216,1.8770640276386765,891.487355863308,0.1563701539148698,True
1.1405868563575712,256,208,16.89253399855476,6.582597873297264,329.1483963657753,0.1161098304070656,True
2.78110363438892,256,171,15.88573151399082,8.57737607031328,195.80282994979711,0.1767210472226782,True
1.1515166491349385,128,353,17.44598382515626,2.4601199332651973,121.76023937875318,0.0557823358334433,False
0.2896034105863224,256,105,15.85024091121341,2.4010769148781392,207.46057786868224,0.0732839262500588,True
2.3268355527759823,128,224,15.50489900622921,4.561631770300468,894.8197560947121,0.1122580743678658,True
0.763174742525541,512,492,14.64522937469427,6.938224312602849,575.5169102961124,0.0544012359341881,True
0.5118456972452872,64,474,22.27002493339,4.425628527705667,880.051214613586,0.17568192597338936,True
2.640237262684374,256,188,11.621162404995824,1.994352651712584,518.6112392330016,0.1495328918574406,True
1.2550890773333578,512,207,18.415599627140033,3.4379762007349433,732.5793576863958,0.04052831337862916,True
